price,latitude,longitude,bedrooms,bathrooms,livingArea,lotSize,hasPrivatePool,garageParkingCapacity,yearBuilt,is_FSBA,is_FSBO,is_foreclosure,is_newHome,level_One,level_Split,level_Three Or More,level_Two,level_Unknown,homeType_CONDO,homeType_LOT,homeType_MANUFACTURED,homeType_MULTI_FAMILY,homeType_SINGLE_FAMILY,homeType_TOWNHOUSE,homeType_Unknown
1250000,45.63977,-111.03543,5.0,4.0,3149.0,16531.0,,2.0,1974.0,1,0,0,0,0,0,0,1,0,0,0,0,0,1,0,0
1389000,45.69739,-111.0969,5.0,3.0,3294.0,9931.0,,3.0,2025.0,1,0,0,0,0,0,0,1,0,0,0,0,0,1,0,0
1925000,45.678207,-111.00513,3.0,4.0,3344.0,553647.0,,3.0,2018.0,1,0,0,0,0,0,0,1,0,0,0,0,0,1,0,0
559000,45.67637,-111.08602,4.0,2.0,1565.0,6708.0,,2.0,1998.0,1,0,0,0,0,0,0,1,0,0,0,0,0,1,0,0
3850000,45.66719,-111.205666,4.0,3.0,3456.0,194626.0,,4.0,1983.0,1,0,0,0,0,0,0,1,0,0,0,0,0,1,0,0
3195000,45.5827,-111.09542,4.0,5.0,3922.0,43647.0,,3.0,2020.0,1,0,0,0,0,0,0,1,0,0,0,0,0,1,0,0
1750000,45.757095,-111.06324,4.0,3.0,3452.0,62508.0,,4.0,2003.0,1,0,0,0,0,0,0,1,0,0,0,0,0,1,0,0
899000,45.73559,-111.135574,3.0,2.0,2695.0,28314.0,,2.0,1985.0,1,0,0,0,0,0,0,1,0,0,0,0,0,1,0,0
289900,45.743668,-111.18064,4.0,2.0,1414.0,,,1.0,2025.0,0,0,0,1,0,0,0,0,1,0,0,1,0,0,0,0
1950000,46.0139,-110.526375,1.0,1.0,1450.0,1079199.0,,2.0,2014.0,1,0,0,0,1,0,0,0,0,0,0,0,0,1,0,0
865000,45.698895,-111.08327,4.0,3.0,1834.0,8280.0,,2.0,2017.0,1,0,0,0,0,0,0,1,0,0,0,0,0,1,0,0
1295000,45.731514,-111.062965,4.0,3.0,2627.0,15245.0,,3.0,1991.0,1,0,0,0,0,0,0,1,0,0,0,0,0,1,0,0
1149000,45.64137,-110.806984,3.0,3.0,2560.0,1052627.0,,2.0,1997.0,1,0,0,0,1,0,0,0,0,0,0,0,0,1,0,0
7495000,45.714832,-110.887596,3.0,4.0,4142.0,1822986.0,,3.0,2021.0,1,0,0,0,1,0,0,0,0,0,0,0,0,1,0,0
189000,45.720432,-111.0983,3.0,2.0,1512.0,10890.0,,,1981.0,0,1,0,0,0,0,0,0,1,0,0,1,0,0,0,0
1400000,45.64268,-111.04408,4.0,3.0,3754.0,11586.0,,3.0,2001.0,1,0,0,0,0,0,0,1,0,0,0,0,0,1,0,0
1175000,45.58708,-111.100235,5.0,4.0,3728.0,53056.0,,2.0,1999.0,1,0,0,0,0,0,0,1,0,0,0,0,0,1,0,0
1298000,45.704117,-111.004135,3.0,3.0,2783.0,13050.0,,2.0,2013.0,1,0,0,0,0,0,0,1,0,0,0,0,0,1,0,0
1199000,45.653538,-111.00036,4.0,4.0,2099.0,43734.0,,3.0,1985.0,1,0,0,0,0,0,0,1,0,0,0,0,0,1,0,0
1599000,45.757095,-111.06324,5.0,4.0,3452.0,62508.0,,3.0,1991.0,1,0,0,0,1,0,0,0,0,0,0,0,0,1,0,0
3300000,45.578854,-111.09625,3.0,2.0,3192.0,43995.0,,2.0,1974.0,1,0,0,0,0,0,0,1,0,0,0,0,0,1,0,0
669000,45.73082,-111.13773,4.0,2.0,1288.0,23870.0,,2.0,1976.0,1,0,0,0,1,0,0,0,0,0,0,0,0,1,0,0
649000,45.6893,-111.05727,3.0,3.0,2139.0,5649.0,,1.0,2007.0,1,0,0,0,0,0,0,1,0,0,0,0,0,1,0,0
1625000,45.653538,-111.00036,4.0,2.0,2099.0,43734.0,,2.0,1976.0,1,0,0,0,1,0,0,0,0,0,0,0,0,1,0,0
769000,45.70445,-111.09269,3.0,2.0,2399.0,4791.0,,2.0,2016.0,1,0,0,0,1,0,0,0,0,0,0,0,0,1,0,0
640000,45.67352,-111.05619,3.0,2.0,2076.0,7379.0,,2.0,1975.0,1,0,0,0,0,1,0,0,0,0,0,0,0,1,0,0
619000,45.663937,-111.137764,2.0,2.0,1803.0,7723.0,,2.0,2016.0,1,0,0,0,1,0,0,0,0,0,0,0,0,1,0,0
1849900,45.62141,-111.07251,4.0,3.0,3573.0,73790.0,,3.0,1980.0,1,0,0,0,1,0,0,0,0,0,0,0,0,1,0,0
74995,45.69101,-111.057655,3.0,3.0,954.0,,,0.0,0.0,1,0,0,0,0,0,0,0,1,0,0,1,0,0,0,0
11200000,45.62611,-111.01804,4.0,6.0,5252.0,998395.0,,2.0,2021.0,1,0,0,0,1,0,0,0,0,0,0,0,0,1,0,0
4997000,45.62611,-111.01804,6.0,5.0,5252.0,998395.0,,3.0,2018.0,1,0,0,0,0,0,0,1,0,0,0,0,0,1,0,0
185000,45.67508,-111.20871,3.0,2.0,1344.0,3000.0,,,2025.0,0,1,0,0,0,0,0,0,1,0,0,1,0,0,0,0
1750000,45.59646,-110.798164,4.0,3.0,3240.0,1185006.0,,0.0,2005.0,1,0,0,0,0,0,0,1,0,0,0,0,0,1,0,0
415000,45.672344,-111.06641,2.0,2.0,1343.0,,,0.0,1865.0,1,0,0,0,0,0,0,1,0,1,0,0,0,0,0,0
17500000,45.753105,-110.900925,7.0,5.0,5396.0,9812761.0,,3.0,1989.0,1,0,0,0,0,0,0,1,0,0,0,0,0,1,0,0
139995,45.72,-111.09349,3.0,2.0,1216.0,,,0.0,1996.0,1,0,0,0,0,0,0,0,1,0,0,1,0,0,0,0
899900,45.757156,-111.06528,2.0,2.0,1736.0,58806.0,,2.0,2015.0,1,0,0,0,0,0,0,1,0,0,0,0,0,1,0,0
11000000,45.753105,-110.900925,3.0,3.0,5396.0,9812761.0,,3.0,1984.0,1,0,0,0,1,0,0,0,0,0,0,0,0,1,0,0
3525000,45.578854,-111.09625,4.0,5.0,3192.0,43995.0,,5.0,2018.0,1,0,0,0,0,0,0,1,0,0,0,0,0,1,0,0
2099000,45.62141,-111.07251,3.0,4.0,3573.0,73790.0,,3.0,2016.0,1,0,0,0,1,0,0,0,0,0,0,0,0,1,0,0
1000000,45.66051,-111.02239,4.0,3.0,3054.0,12632.0,,2.0,1964.0,1,0,0,0,1,0,0,0,0,0,0,0,0,1,0,0
1199000,45.674095,-111.16548,5.0,3.0,2481.0,12196.0,,2.0,1979.0,1,0,0,0,0,0,0,1,0,0,0,0,0,1,0,0
1950000,45.79674,-111.081024,3.0,3.0,4203.0,217800.0,,5.0,1988.0,1,0,0,0,0,0,0,1,0,0,0,0,0,1,0,0
6600000,45.746964,-111.02323,3.0,3.0,4123.0,1517630.0,,3.0,2017.0,1,0,0,0,0,0,0,1,0,0,0,0,0,1,0,0
1875000,45.631645,-111.02221,4.0,4.0,3084.0,89907.0,,3.0,1998.0,1,0,0,0,0,0,0,1,0,0,0,0,0,1,0,0
1100000,45.636818,-110.83498,3.0,2.0,2400.0,245678.0,,4.0,2003.0,1,0,0,0,1,0,0,0,0,0,0,0,0,1,0,0
13725000,45.753105,-110.900925,4.0,6.0,5396.0,9812761.0,,3.0,2010.0,1,0,0,0,1,0,0,0,0,0,0,0,0,1,0,0
515000,45.67884,-111.09085,4.0,3.0,1659.0,,,1.0,2009.0,1,0,0,0,0,0,0,1,0,1,0,0,0,0,0,0
350000,45.67174,-111.06718,2.0,2.0,1043.0,,,1.0,2007.0,1,0,0,0,1,0,0,0,0,1,0,0,0,0,0,0
1795000,45.646423,-110.80919,4.0,3.0,3538.0,881131.0,,2.0,1994.0,1,0,0,0,0,0,0,1,0,0,0,0,0,1,0,0
1950000,45.657738,-111.11307,3.0,2.0,1926.0,435600.0,,3.0,2014.0,1,0,0,0,1,0,0,0,0,0,0,0,0,1,0,0
2700000,45.678207,-111.00513,4.0,4.0,3344.0,553647.0,,1.0,1936.0,1,0,0,0,0,0,0,1,0,0,0,0,0,1,0,0
750000,45.649506,-111.0736,3.0,4.0,2182.0,,,1.0,2023.0,1,0,0,0,0,0,1,0,0,1,0,0,0,0,0,0
899900,45.734154,-111.13711,4.0,2.0,2065.0,20124.0,,2.0,1999.0,1,0,0,0,1,0,0,0,0,0,0,0,0,1,0,0
685000,45.683334,-111.192505,4.0,2.0,1630.0,7535.0,,2.0,2014.0,1,0,0,0,1,0,0,0,0,0,0,0,0,1,0,0
572500,45.6852,-111.09038,2.0,2.0,1270.0,9365.0,,1.0,2016.0,1,0,0,0,1,0,0,0,0,0,0,0,0,1,0,0
865000,45.6529,-111.19319,4.0,3.0,1508.0,39204.0,,2.0,1979.0,1,0,0,0,1,0,0,0,0,0,0,0,0,1,0,0
1250000,45.71688,-111.190544,4.0,2.0,2345.0,22259.0,,3.0,2020.0,1,0,0,0,1,0,0,0,0,0,0,0,0,1,0,0
1075000,45.69745,-111.08791,4.0,4.0,2851.0,14592.0,,2.0,2021.0,1,0,0,0,0,0,0,1,0,0,0,0,0,1,0,0
2250000,45.684265,-111.17313,4.0,4.0,3463.0,95832.0,,3.0,2015.0,1,0,0,0,0,0,0,1,0,0,0,0,0,1,0,0
3495000,45.669666,-111.03915,5.0,4.0,3661.0,13503.0,,2.0,1899.0,1,0,0,0,0,0,1,0,0,0,0,0,0,1,0,0
1475000,45.698605,-111.16185,5.0,4.0,3223.0,9509.0,,3.0,2025.0,0,0,0,1,0,0,0,1,0,0,0,0,0,1,0,0
1750000,45.646423,-110.80919,3.0,3.0,3538.0,881131.0,,,2023.0,1,0,0,0,0,0,0,0,1,0,0,0,0,1,0,0
1089000,45.679436,-111.09982,5.0,4.0,2230.0,8276.0,,2.0,2005.0,1,0,0,0,0,0,0,1,0,0,0,0,0,1,0,0
1090000,45.64137,-110.806984,4.0,3.0,2560.0,1052627.0,,1.0,1975.0,1,0,0,0,1,0,0,0,0,0,0,0,0,1,0,0
765000,45.698895,-111.08327,3.0,3.0,1834.0,8280.0,,1.0,2005.0,1,0,0,0,0,0,0,1,0,0,0,0,0,1,0,0
1550000,45.678207,-111.00513,6.0,4.0,3344.0,553647.0,,,1930.0,1,0,0,0,1,0,0,0,0,0,0,0,0,1,0,0
599000,45.666546,-111.13316,3.0,2.0,1292.0,6651.0,,2.0,2015.0,1,0,0,0,1,0,0,0,0,0,0,0,0,1,0,0
3489750,45.655075,-110.81234,5.0,5.0,5933.0,442526.0,,5.0,1990.0,1,0,0,0,0,0,0,1,0,0,0,0,0,1,0,0
2595000,45.67144,-110.93559,6.0,5.0,6187.0,486129.0,,3.0,1986.0,1,0,0,0,0,0,0,1,0,0,0,0,0,1,0,0
1200000,45.72506,-111.193985,4.0,4.0,1944.0,36721.0,,3.0,2019.0,1,0,0,0,1,0,0,0,0,0,0,0,0,1,0,0
1495000,45.716717,-111.195015,5.0,4.0,3274.0,98271.0,,2.0,1995.0,1,0,0,0,0,0,0,1,0,0,0,0,0,1,0,0
675000,45.67808,-111.11806,3.0,3.0,1785.0,5902.0,,2.0,2017.0,1,0,0,0,0,0,0,1,0,0,0,0,0,1,0,0
589000,45.693207,-111.15494,,,,40423.0,,,,1,0,0,0,0,0,0,0,1,0,1,0,0,0,0,0
395000,45.67564,-111.061226,3.0,2.0,1149.0,,,0.0,1978.0,1,0,0,0,0,0,0,1,0,1,0,0,0,0,0,0
445000,45.67138,-111.03102,2.0,2.0,880.0,,,2.0,1983.0,1,0,0,0,1,0,0,0,0,1,0,0,0,0,0,0
475000,45.69541,-111.08042,2.0,2.0,1183.0,,,1.0,2017.0,1,0,0,0,1,0,0,0,0,1,0,0,0,0,0,0
1195000,45.674095,-111.16548,4.0,3.0,2481.0,12196.0,,2.0,2013.0,1,0,0,0,0,0,0,1,0,0,0,0,0,1,0,0
2645000,45.601395,-111.07181,5.0,6.0,6393.0,44082.0,,3.0,2024.0,1,0,0,0,0,0,0,1,0,0,0,0,0,1,0,0
2100000,45.671886,-110.77774,3.0,1.0,2801.0,871200.0,,3.0,1993.0,1,0,0,0,0,0,0,1,0,0,0,0,0,1,0,0
2120000,45.678207,-111.00513,5.0,4.0,3344.0,553647.0,,2.0,1900.0,1,0,0,0,0,0,0,1,0,0,0,0,0,1,0,0
2999000,45.68875,-111.152405,4.0,4.0,4131.0,15376.0,,3.0,2022.0,1,0,0,0,1,0,0,0,0,0,0,0,0,1,0,0
2649000,45.638588,-110.82638,4.0,5.0,4300.0,474716.0,,3.0,2001.0,1,0,0,0,0,0,0,1,0,0,0,0,0,1,0,0
625000,45.680862,-111.09669,3.0,2.0,1528.0,3497.0,,2.0,2006.0,1,0,0,0,1,0,0,0,0,0,0,0,0,0,1,0
465000,45.66571,-111.03793,2.0,2.0,1200.0,,,0.0,1985.0,1,0,0,0,1,0,0,0,0,1,0,0,0,0,0,0
410000,45.695423,-111.07988,2.0,2.0,1183.0,,,1.0,2007.0,1,0,0,0,0,0,0,1,0,1,0,0,0,0,0,0
2000000,45.678207,-111.00513,4.0,2.0,3344.0,553647.0,,0.0,1880.0,1,0,0,0,0,0,0,1,0,0,0,0,0,1,0,0
1562500,45.731514,-111.062965,4.0,3.0,2627.0,15245.0,,3.0,1990.0,1,0,0,0,1,0,0,0,0,0,0,0,0,1,0,0
4200000,45.555073,-111.116,4.0,4.0,4130.0,1577307.0,,4.0,2020.0,1,0,0,0,0,0,0,1,0,0,0,0,0,1,0,0
1199000,45.68435,-111.10181,4.0,3.0,3092.0,9583.0,,3.0,2013.0,1,0,0,0,1,0,0,0,0,0,0,0,0,1,0,0
600000,45.680862,-111.09669,3.0,2.0,1528.0,3497.0,,2.0,2007.0,1,0,0,0,0,0,0,1,0,0,0,0,0,0,1,0
3750000,45.630978,-111.12275,4.0,4.0,3450.0,957013.0,,6.0,1998.0,1,0,0,0,0,0,0,1,0,0,0,0,0,1,0,0
910000,45.72054,-111.18802,4.0,3.0,2580.0,21823.0,,3.0,2020.0,1,0,0,0,0,0,0,1,0,0,0,0,0,1,0,0
5995000,45.80225,-110.882576,5.0,6.0,4497.0,880347.0,,3.0,2022.0,1,0,0,0,0,0,0,1,0,0,0,0,0,1,0,0
170000,45.66715,-111.12426,3.0,2.0,1792.0,,,0.0,1996.0,1,0,0,0,1,0,0,0,0,0,0,1,0,0,0,0
1450000,45.713547,-111.19695,3.0,3.0,3664.0,130680.0,,2.0,1992.0,1,0,0,0,0,0,0,1,0,0,0,0,0,1,0,0
629000,45.67637,-111.08602,3.0,3.0,1565.0,6708.0,,1.0,2005.0,1,0,0,0,0,0,0,1,0,0,0,0,0,1,0,0
834000,45.651897,-111.04071,4.0,3.0,3357.0,12980.0,,0.0,1978.0,1,0,0,0,0,1,0,0,0,0,0,0,0,1,0,0
49995,,,2.0,1.0,,,,0.0,1985.0,0,0,0,0,0,0,0,0,1,0,0,0,0,0,0,1
885000,45.681232,-111.027,3.0,2.0,1649.0,8398.0,,2.0,1996.0,1,0,0,0,1,0,0,0,0,0,0,0,0,1,0,0
440000,45.67564,-111.061226,2.0,2.0,1149.0,,,0.0,2020.0,1,0,0,0,1,0,0,0,0,1,0,0,0,0,0,0
320000,45.67174,-111.06718,2.0,1.0,1043.0,,,0.0,1973.0,1,0,0,0,1,0,0,0,0,1,0,0,0,0,0,0
799000,45.698895,-111.08327,3.0,2.0,1834.0,8280.0,,2.0,2022.0,1,0,0,0,0,0,0,1,0,0,0,0,0,1,0,0
825000,45.67352,-111.05619,5.0,2.0,2076.0,7379.0,,2.0,1958.0,1,0,0,0,1,0,0,0,0,0,0,0,0,1,0,0
1795000,45.678207,-111.00513,5.0,5.0,3344.0,553647.0,,2.0,2024.0,1,0,0,0,0,0,0,1,0,0,0,0,0,1,0,0
79995,45.666206,-111.124245,3.0,1.0,924.0,,,1.0,1972.0,1,0,0,0,0,0,0,0,1,0,0,1,0,0,0,0
1799900,45.62141,-111.07251,5.0,7.0,3573.0,73790.0,,2.0,1995.0,1,0,0,0,0,0,0,1,0,0,0,0,0,1,0,0
1795000,45.631645,-111.02221,3.0,2.0,3084.0,89907.0,,4.0,1890.0,1,0,0,0,0,0,0,1,0,0,0,0,0,1,0,0
934000,45.671474,-111.00416,5.0,3.0,4925.0,46347.0,,2.0,1994.0,1,0,0,0,1,0,0,0,0,0,0,0,0,1,0,0
470000,45.690483,-111.11821,3.0,3.0,1574.0,,,2.0,2008.0,1,0,0,0,0,0,0,1,0,1,0,0,0,0,0,0
669000,45.666546,-111.13316,3.0,2.0,1292.0,6651.0,,2.0,2004.0,1,0,0,0,1,0,0,0,0,0,0,0,0,1,0,0
495000,45.673367,-111.08791,3.0,2.0,1413.0,6817.0,,2.0,1996.0,1,0,0,0,0,0,0,1,0,0,0,0,0,0,1,0
1995000,45.678207,-111.00513,4.0,3.0,3344.0,553647.0,,3.0,1997.0,1,0,0,0,1,0,0,0,0,0,0,0,0,1,0,0
975000,45.68759,-111.11148,4.0,4.0,2443.0,7644.0,,2.0,2017.0,1,0,0,0,0,0,0,1,0,0,0,0,0,1,0,0
645000,45.666546,-111.13316,3.0,3.0,1292.0,6651.0,,2.0,2005.0,1,0,0,0,0,0,0,1,0,0,0,0,0,1,0,0
810000,45.686398,-111.087265,4.0,2.0,3328.0,10497.0,,2.0,2007.0,1,0,0,0,0,0,0,1,0,0,0,0,0,1,0,0
1450000,45.68241,-111.03608,3.0,4.0,2153.0,2334.0,,2.0,2016.0,1,0,0,0,0,0,0,0,1,0,0,0,0,0,1,0
244000,45.740025,-111.1815,3.0,2.0,1493.0,4823.0,,0.0,2024.0,1,0,0,0,0,0,0,0,1,0,0,1,0,0,0,0
799000,45.670635,-111.04563,3.0,2.0,1968.0,6446.0,,2.0,1991.0,1,0,0,0,1,0,0,0,0,0,0,0,0,1,0,0
829000,45.672203,-111.05619,4.0,3.0,2346.0,7871.0,,2.0,1955.0,1,0,0,0,0,0,0,1,0,0,0,0,0,1,0,0
479900,45.643333,-111.06322,2.0,2.0,1300.0,,,1.0,2023.0,1,0,0,0,1,0,0,0,0,1,0,0,0,0,0,0
1090000,45.649483,-111.07799,3.0,3.0,2048.0,6163.0,,2.0,2021.0,1,0,0,0,0,0,0,1,0,0,0,0,0,1,0,0
620000,45.707165,-111.08008,3.0,3.0,1933.0,2922.0,,2.0,2019.0,1,0,0,0,0,0,0,1,0,0,0,0,0,0,1,0
1080000,45.678997,-111.0308,3.0,3.0,1195.0,,,2.0,2006.0,1,0,0,0,1,0,0,0,0,1,0,0,0,0,0,0
466000,45.643333,-111.06322,2.0,2.0,1300.0,,,1.0,2015.0,1,0,0,0,1,0,0,0,0,1,0,0,0,0,0,0
1249000,45.745308,-111.172356,3.0,3.0,2500.0,227383.0,,2.0,2004.0,1,0,0,0,1,0,0,0,0,0,0,0,0,1,0,0
750000,45.68287,-111.021736,1.0,1.0,1138.0,,,1.0,2020.0,1,0,0,0,1,0,0,0,0,1,0,0,0,0,0,0
689000,45.67352,-111.05619,4.0,3.0,2076.0,7379.0,,1.0,1967.0,1,0,0,0,1,0,0,0,0,0,0,0,0,1,0,0
859900,45.73559,-111.135574,4.0,3.0,2695.0,28314.0,,3.0,2003.0,1,0,0,0,0,0,0,1,0,0,0,0,0,1,0,0
619900,45.683334,-111.192505,3.0,2.0,1630.0,7535.0,,2.0,2009.0,1,0,0,0,1,0,0,0,0,0,0,0,0,1,0,0
4200000,45.624718,-110.97349,3.0,3.0,4838.0,871200.0,,2.0,1989.0,1,0,0,0,0,0,0,1,0,0,0,0,0,1,0,0
2999000,45.638588,-110.82638,3.0,4.0,4300.0,474716.0,,6.0,2000.0,1,0,0,0,0,0,0,1,0,0,0,0,0,1,0,0
850000,45.704426,-111.09445,3.0,2.0,1724.0,6560.0,,2.0,2020.0,1,0,0,0,1,0,0,0,0,0,0,0,0,1,0,0
960000,45.66053,-111.01563,5.0,7.0,3795.0,8999.0,,5.0,1978.0,1,0,0,0,0,0,0,1,0,0,0,0,0,1,0,0
435000,45.70871,-111.07463,3.0,2.0,1472.0,,,2.0,2016.0,1,0,0,0,0,0,0,1,0,1,0,0,0,0,0,0
490000,45.675625,-111.083694,3.0,2.0,1424.0,3319.0,,1.0,2007.0,1,0,0,0,0,0,0,1,0,0,0,0,0,0,1,0
675000,45.676395,-111.078064,4.0,3.0,1427.0,10815.0,,2.0,2002.0,1,0,0,0,0,0,0,1,0,0,0,0,0,1,0,0
780000,45.672203,-111.05619,4.0,2.0,2346.0,7871.0,,1.0,1920.0,1,0,0,0,0,0,0,1,0,0,0,0,0,1,0,0
1550000,45.68212,-111.03609,3.0,3.0,2306.0,3223.0,,1.0,2005.0,1,0,0,0,0,0,0,1,0,0,0,0,0,0,1,0
1050000,45.643486,-111.046646,5.0,4.0,3782.0,10585.0,,2.0,2005.0,1,0,0,0,0,0,0,1,0,0,0,0,0,1,0,0
995000,45.678997,-111.0308,2.0,3.0,1195.0,,,1.0,2020.0,1,0,0,0,1,0,0,0,0,1,0,0,0,0,0,0
339900,45.673405,-111.08421,2.0,1.0,936.0,,,0.0,2007.0,1,0,0,0,1,0,0,0,0,1,0,0,0,0,0,0
1599000,45.757095,-111.06324,6.0,4.0,3452.0,62508.0,,2.0,2000.0,1,0,0,0,0,0,0,1,0,0,0,0,0,1,0,0
1295000,45.69739,-111.0969,4.0,3.0,3294.0,9931.0,,4.0,2020.0,1,0,0,0,0,0,0,1,0,0,0,0,0,1,0,0
464000,45.67782,-111.0565,2.0,3.0,1512.0,,,1.0,1986.0,1,0,0,0,0,0,1,0,0,1,0,0,0,0,0,0
849000,45.867607,-110.8478,,,,1483479.0,,,,1,0,0,0,0,0,0,0,1,0,1,0,0,0,0,0
4250000,45.60688,-110.98604,3.0,5.0,4816.0,871200.0,,3.0,1997.0,1,0,0,0,1,0,0,0,0,0,0,0,0,1,0,0
183900,45.743668,-111.18064,2.0,2.0,910.0,,,0.0,2024.0,0,0,0,1,0,0,0,0,1,0,0,1,0,0,0,0
1489000,45.696877,-111.09686,4.0,4.0,2808.0,12353.0,,2.0,2025.0,1,0,0,0,0,0,0,1,0,0,0,0,0,1,0,0
1599000,45.68212,-111.03609,3.0,4.0,2306.0,3223.0,,2.0,2019.0,1,0,0,0,0,0,0,1,0,0,0,0,0,0,1,0
1800000,45.694664,-111.095436,4.0,4.0,2842.0,7405.0,,2.0,2026.0,1,0,0,0,0,0,0,1,0,0,0,0,0,1,0,0
1245000,45.674095,-111.16548,5.0,3.0,2481.0,12196.0,,3.0,2013.0,1,0,0,0,0,0,0,1,0,0,0,0,0,1,0,0
525000,45.67143,-111.03094,1.0,1.0,880.0,,,0.0,2020.0,1,0,0,0,1,0,0,0,0,1,0,0,0,0,0,0
775000,45.672203,-111.05619,5.0,3.0,2346.0,7871.0,,1.0,1955.0,1,0,0,0,0,0,0,1,0,0,0,0,0,1,0,0
665000,45.68029,-111.08878,3.0,2.0,1684.0,10890.0,,2.0,2002.0,1,0,0,0,1,0,0,0,0,0,0,0,0,1,0,0
609900,45.691833,-111.11834,3.0,3.0,2015.0,,,2.0,2005.0,1,0,0,0,0,0,0,1,0,1,0,0,0,0,0,0
690000,45.683334,-111.192505,3.0,2.0,1630.0,7535.0,,2.0,2007.0,1,0,0,0,1,0,0,0,0,0,0,0,0,1,0,0
3250000,45.692245,-111.1602,5.0,5.0,3643.0,29185.0,,3.0,2025.0,1,0,0,0,0,0,0,1,0,0,0,0,0,1,0,0
639500,45.683334,-111.192505,3.0,2.0,1630.0,7535.0,,3.0,2014.0,1,0,0,0,1,0,0,0,0,0,0,0,0,1,0,0
1880000,45.568344,-111.12086,3.0,2.0,1912.0,175546.0,,2.0,2002.0,1,0,0,0,1,0,0,0,0,0,0,0,0,1,0,0
1950000,45.678207,-111.00513,4.0,4.0,3344.0,553647.0,,4.0,2007.0,1,0,0,0,0,0,0,1,0,0,0,0,0,1,0,0
3895000,45.80225,-110.882576,5.0,6.0,4497.0,880347.0,,3.0,2005.0,1,0,0,0,0,0,0,1,0,0,0,0,0,1,0,0
2695000,45.76623,-111.11295,2.0,3.0,1708.0,963808.0,,3.0,2017.0,1,0,0,0,0,0,0,1,0,0,0,0,0,1,0,0
315000,45.67174,-111.06718,2.0,2.0,1043.0,,,0.0,2006.0,1,0,0,0,1,0,0,0,0,1,0,0,0,0,0,0
695000,45.663937,-111.137764,3.0,3.0,1803.0,7723.0,,2.0,2016.0,1,0,0,0,0,0,0,1,0,0,0,0,0,1,0,0
465000,45.71271,-111.08211,3.0,3.0,1419.0,,,2.0,2014.0,1,0,0,0,0,0,0,1,0,1,0,0,0,0,0,0
634900,45.6529,-111.19319,5.0,2.0,1508.0,39204.0,,0.0,1998.0,1,0,0,0,1,0,0,0,0,0,0,0,0,1,0,0
1950000,45.568344,-111.12086,2.0,1.0,1912.0,175546.0,,3.0,1920.0,1,0,0,0,1,0,0,0,0,0,0,0,0,1,0,0
1575000,45.631645,-111.02221,5.0,3.0,3084.0,89907.0,,2.0,1965.0,1,0,0,0,0,0,1,0,0,0,0,0,0,1,0,0
640000,45.70377,-111.0747,3.0,3.0,1908.0,3341.0,,2.0,2017.0,1,0,0,0,0,0,0,1,0,0,0,0,0,0,1,0
1650000,45.716717,-111.195015,4.0,4.0,3274.0,98271.0,,3.0,2019.0,1,0,0,0,0,0,0,1,0,0,0,0,0,1,0,0
23900000,45.583794,-111.1928,,,,12632400.0,,,,1,0,0,0,0,0,0,0,1,0,1,0,0,0,0,0
625000,45.691914,-111.104355,3.0,3.0,1838.0,,,2.0,2025.0,0,0,0,1,0,0,0,1,0,1,0,0,0,0,0,0
2695000,45.683193,-111.16152,3.0,4.0,4200.0,22651.0,,3.0,2025.0,1,0,0,0,0,0,0,1,0,0,0,0,0,1,0,0
730000,45.68287,-111.021736,2.0,2.0,1414.0,,,1.0,2006.0,1,0,0,0,1,0,0,0,0,1,0,0,0,0,0,0
1175000,45.65222,-111.07628,3.0,3.0,2693.0,6817.0,,2.0,2025.0,0,0,0,1,0,0,0,1,0,0,0,0,0,1,0,0
84995,45.687435,-111.05732,3.0,1.0,968.0,,,0.0,2008.0,1,0,0,0,0,0,0,0,1,0,0,1,0,0,0,0
624900,45.676395,-111.078064,3.0,2.0,1427.0,10815.0,,2.0,1996.0,1,0,0,0,1,0,0,0,0,0,0,0,0,1,0,0
798000,45.64667,-111.05718,4.0,4.0,2262.0,3484.0,,2.0,2014.0,1,0,0,0,0,0,0,1,0,0,0,0,0,0,1,0
1329000,45.69745,-111.08791,4.0,3.0,2851.0,14592.0,,3.0,2021.0,1,0,0,0,0,0,0,1,0,0,0,0,0,1,0,0
2829000,45.747414,-111.0648,5.0,5.0,4233.0,51400.0,,3.0,2026.0,1,0,0,0,0,0,0,1,0,0,0,0,0,1,0,0
1599999,45.696877,-111.09686,5.0,5.0,2808.0,12353.0,,2.0,2007.0,1,0,0,0,0,0,0,1,0,0,0,0,0,1,0,0
1730000,45.657738,-111.11307,3.0,2.0,1926.0,435600.0,,2.0,1949.0,1,0,0,0,1,0,0,0,0,0,0,0,0,1,0,0
1950000,45.674866,-111.16175,4.0,4.0,3048.0,16160.0,,3.0,2021.0,1,0,0,0,0,0,0,1,0,0,0,0,0,1,0,0
839500,45.672203,-111.05619,4.0,3.0,2346.0,7871.0,,2.0,1965.0,1,0,0,0,0,1,0,0,0,0,0,0,0,1,0,0
970500,45.72054,-111.18802,3.0,3.0,2580.0,21823.0,,,2019.0,1,0,0,0,0,0,0,0,1,0,0,0,0,1,0,0
1395000,45.69894,-111.16189,4.0,4.0,3229.0,14318.0,,2.0,2025.0,0,0,0,1,0,0,0,1,0,0,0,0,0,1,0,0
650000,45.667576,-111.19764,3.0,3.0,1379.0,,,1.0,2018.0,1,0,0,0,0,0,0,1,0,1,0,0,0,0,0,0
1375000,45.705456,-111.0134,4.0,3.0,2837.0,10105.0,,3.0,2014.0,1,0,0,0,0,0,0,1,0,0,0,0,0,1,0,0
755000,45.698895,-111.08327,5.0,3.0,1834.0,8280.0,,2.0,2014.0,1,0,0,0,0,0,0,1,0,0,0,0,0,1,0,0
762500,45.66784,-111.136024,4.0,3.0,2197.0,8494.0,,2.0,2023.0,1,0,0,0,0,0,0,1,0,0,0,0,0,1,0,0
2550000,45.68043,-111.037445,3.0,2.0,2494.0,,,1.0,2023.0,1,0,0,0,1,0,0,0,0,1,0,0,0,0,0,0
2250000,45.62141,-111.07251,6.0,5.0,3573.0,73790.0,,3.0,2004.0,1,0,0,0,0,0,0,1,0,0,0,0,0,1,0,0
330000,45.67174,-111.06718,2.0,2.0,1043.0,,,1.0,2004.0,1,0,0,0,1,0,0,0,0,1,0,0,0,0,0,0
950000,45.6529,-111.19319,3.0,2.0,1508.0,39204.0,,2.0,1997.0,1,0,0,0,1,0,0,0,0,0,0,0,0,1,0,0
987500,45.688892,-111.07413,4.0,3.0,2726.0,6250.0,,2.0,1996.0,1,0,0,0,0,1,0,0,0,0,0,0,0,1,0,0
489500,45.703148,-111.09011,2.0,2.0,1506.0,,,1.0,2017.0,1,0,0,0,1,0,0,0,0,1,0,0,0,0,0,0
2450000,45.61536,-111.01509,4.0,3.0,3450.0,43560.0,,4.0,2010.0,1,0,0,0,1,0,0,0,0,0,0,0,0,1,0,0
669500,45.67808,-111.11806,3.0,3.0,1785.0,5902.0,,2.0,2025.0,1,0,0,0,0,0,0,1,0,0,0,0,0,1,0,0
1195000,45.648575,-111.047806,5.0,3.0,3911.0,7927.0,,3.0,2002.0,1,0,0,0,1,0,0,0,0,0,0,0,0,1,0,0
1395000,45.704117,-111.004135,4.0,3.0,2783.0,13050.0,,3.0,2012.0,1,0,0,0,0,0,0,1,0,0,0,0,0,1,0,0
660000,45.663013,-111.15769,2.0,,,132901.0,,,1979.0,1,0,0,0,0,0,0,0,1,0,1,0,0,0,0,0
22995,,,2.0,1.0,,,,0.0,1960.0,0,0,0,0,0,0,0,0,1,0,0,0,0,0,0,1
1050000,45.667507,-111.13242,4.0,3.0,2447.0,9234.0,,2.0,2025.0,1,0,0,0,0,0,0,1,0,0,0,0,0,1,0,0
1575000,45.653538,-111.00036,3.0,2.0,2099.0,43734.0,,2.0,1951.0,1,0,0,0,1,0,0,0,0,0,0,0,0,1,0,0
798000,45.672203,-111.05619,3.0,2.0,2346.0,7871.0,,1.0,1959.0,1,0,0,0,1,0,0,0,0,0,0,0,0,1,0,0
849000,45.672203,-111.05619,4.0,2.0,2346.0,7871.0,,1.0,1939.0,1,0,0,0,1,0,0,0,0,0,0,0,0,1,0,0
215000,45.72,-111.09349,3.0,2.0,1216.0,,,,1999.0,1,0,0,0,0,0,0,0,1,0,0,1,0,0,0,0
2325000,45.683193,-111.16152,5.0,4.0,4200.0,22651.0,,3.0,2014.0,1,0,0,0,0,0,0,1,0,0,0,0,0,1,0,0
750000,45.67352,-111.05619,3.0,1.0,2076.0,7379.0,,1.0,1920.0,1,0,0,0,0,0,0,1,0,0,0,0,0,1,0,0
3495000,45.60213,-111.07367,4.0,4.0,4191.0,43995.0,,2.0,1998.0,1,0,0,0,0,0,0,1,0,0,0,0,0,1,0,0
2400000,45.714165,-111.02247,6.0,5.0,4408.0,33846.0,,3.0,2020.0,1,0,0,0,0,0,1,0,0,0,0,0,0,1,0,0
134995,45.66715,-111.12426,3.0,2.0,1792.0,,,0.0,1994.0,1,0,0,0,0,0,0,0,1,0,0,1,0,0,0,0
865000,45.671383,-111.23705,5.0,3.0,3003.0,35719.0,,3.0,2009.0,1,0,0,0,1,0,0,0,0,0,0,0,0,1,0,0
775000,45.663937,-111.137764,4.0,3.0,1803.0,7723.0,,2.0,2014.0,1,0,0,0,0,0,0,1,0,0,0,0,0,1,0,0
449000,45.70871,-111.07463,3.0,3.0,1472.0,,,1.0,2005.0,1,0,0,0,0,0,0,1,0,1,0,0,0,0,0,0
1100000,45.63977,-111.03543,4.0,4.0,3149.0,16531.0,,2.0,2004.0,1,0,0,0,1,0,0,0,0,0,0,0,0,1,0,0
444000,45.696022,-111.069595,3.0,3.0,1080.0,,,1.0,2007.0,1,0,0,0,0,0,0,1,0,1,0,0,0,0,0,0
1225000,45.685886,-111.15179,2.0,3.0,2255.0,,,1.0,2022.0,1,0,0,0,1,0,0,0,0,1,0,0,0,0,0,0
1939000,45.73449,-111.23626,4.0,5.0,2154.0,996652.0,,3.0,2025.0,1,0,0,0,0,0,0,1,0,0,0,0,0,1,0,0
244000,45.739334,-111.18149,3.0,2.0,1493.0,5259.0,,0.0,2024.0,1,0,0,0,0,0,0,0,1,0,0,1,0,0,0,0
398000,45.690483,-111.11821,3.0,2.0,1574.0,,,2.0,2005.0,1,0,0,0,1,0,0,0,0,1,0,0,0,0,0,0
799000,45.661263,-111.0408,3.0,3.0,2095.0,13503.0,,2.0,2025.0,1,0,0,0,0,0,0,1,0,0,0,0,0,1,0,0
1249000,45.731514,-111.062965,7.0,3.0,2627.0,15245.0,,2.0,1960.0,1,0,0,0,1,0,0,0,0,0,0,0,0,1,0,0
499000,45.655434,-110.99873,4.0,,,48787.0,,,2024.0,1,0,0,0,0,0,0,0,1,0,1,0,0,0,0,0
5000000,45.75046,-111.23485,3.0,3.0,5195.0,1005059.0,,3.0,1994.0,1,0,0,0,1,0,0,0,0,0,0,0,0,1,0,0
1753000,45.646423,-110.80919,3.0,2.0,3538.0,881131.0,,4.0,2007.0,1,0,0,0,0,0,0,1,0,0,0,0,0,1,0,0
1379999,45.69739,-111.0969,4.0,4.0,3294.0,9931.0,,2.0,2023.0,1,0,0,0,0,0,0,1,0,0,0,0,0,1,0,0
895000,45.661263,-111.0408,4.0,3.0,2095.0,13503.0,,2.0,2006.0,1,0,0,0,0,0,0,1,0,0,0,0,0,1,0,0
479000,45.678185,-111.08823,2.0,2.0,1518.0,6229.0,,1.0,2018.0,1,0,0,0,1,0,0,0,0,0,0,0,0,0,1,0
1699777,45.713547,-111.19695,4.0,4.0,3664.0,130680.0,,5.0,2021.0,1,0,0,0,0,0,0,1,0,0,0,0,0,1,0,0
1200000,45.681232,-111.027,3.0,1.0,1649.0,8398.0,,1.0,1895.0,1,0,0,0,1,0,0,0,0,0,0,0,0,1,0,0
644900,45.711388,-111.18908,3.0,3.0,1972.0,5000.0,,2.0,2025.0,0,0,0,1,0,0,0,1,0,0,0,0,0,1,0,0
24000000,45.570057,-111.14159,,0.0,,10497960.0,,,,1,0,0,0,0,0,0,0,1,0,1,0,0,0,0,0
659000,45.684654,-111.079254,4.0,3.0,1895.0,3567.0,,1.0,2025.0,0,0,0,1,0,0,0,1,0,0,0,0,0,0,1,0
445000,45.68907,-111.08477,2.0,2.0,1066.0,,,0.0,2021.0,1,0,0,0,1,0,0,0,0,1,0,0,0,0,0,0
2950000,45.571396,-111.0854,3.0,4.0,2151.0,967903.0,,3.0,1972.0,1,0,0,0,1,0,0,0,0,0,0,0,0,1,0,0
1260000,45.672554,-111.210846,3.0,3.0,2368.0,32190.0,,2.0,1981.0,1,0,0,0,1,0,0,0,0,0,0,0,1,0,0,0
899000,45.653465,-111.02634,3.0,,,25482.0,,,1920.0,1,0,0,0,0,0,0,0,1,0,1,0,0,0,0,0
1073000,45.681084,-111.16151,4.0,4.0,2570.0,10890.0,,2.0,2003.0,1,0,0,0,0,0,0,1,0,0,0,0,0,1,0,0
7900000,45.555073,-111.116,4.0,4.0,4130.0,1577307.0,,3.0,1995.0,1,0,0,0,0,0,0,1,0,0,0,0,0,1,0,0
309500,45.677525,-111.053085,2.0,1.0,784.0,2395.0,,1.0,1978.0,1,0,0,0,1,0,0,0,0,0,0,0,0,0,1,0
1175000,45.652035,-111.07637,3.0,3.0,2822.0,6838.0,,2.0,2025.0,0,0,0,1,0,0,0,1,0,0,0,0,0,1,0,0
109995,45.719334,-111.093056,3.0,2.0,1540.0,,,0.0,1996.0,1,0,0,0,0,0,0,0,1,0,0,1,0,0,0,0
2298000,45.68043,-111.037445,3.0,3.0,2494.0,,,2.0,2017.0,1,0,0,0,1,0,0,0,0,1,0,0,0,0,0,0
79995,45.687435,-111.05732,2.0,1.0,968.0,,,0.0,1973.0,1,0,0,0,0,0,0,0,1,0,0,1,0,0,0,0
548000,45.67884,-111.09085,3.0,3.0,1659.0,,,2.0,2015.0,1,0,0,0,0,0,0,1,0,1,0,0,0,0,0,0
1445000,45.63977,-111.03543,5.0,4.0,3149.0,16531.0,,2.0,1906.0,1,0,0,0,0,0,0,1,0,0,0,0,0,1,0,0
2850000,45.678207,-111.00513,3.0,4.0,3344.0,553647.0,,,2006.0,1,0,0,0,0,0,0,1,0,0,0,0,0,1,0,0
745000,45.67352,-111.05619,5.0,2.0,2076.0,7379.0,,0.0,1950.0,1,0,0,0,1,0,0,0,0,0,0,0,0,1,0,0
427500,45.67564,-111.061226,2.0,2.0,1149.0,,,1.0,1980.0,1,0,0,0,0,0,0,1,0,1,0,0,0,0,0,0
11500000,,,38.0,57.0,,,,,2022.0,0,0,0,0,0,0,1,0,0,0,0,0,0,0,0,1
499000,45.643333,-111.06322,2.0,2.0,1300.0,,,1.0,2023.0,1,0,0,0,1,0,0,0,0,1,0,0,0,0,0,0
579000,45.684654,-111.079254,2.0,3.0,1895.0,3567.0,,1.0,2025.0,0,0,0,1,0,0,0,1,0,0,0,0,0,0,1,0
849000,45.690243,-111.086,4.0,3.0,2232.0,8276.0,,3.0,2010.0,1,0,0,0,0,0,0,1,0,0,0,0,0,1,0,0
2599900,45.683193,-111.16152,4.0,5.0,4200.0,22651.0,,2.0,2007.0,1,0,0,0,1,0,0,0,0,0,0,0,0,1,0,0
1595000,45.68241,-111.03608,3.0,3.0,2153.0,2334.0,,2.0,2005.0,1,0,0,0,0,0,1,0,0,0,0,0,0,0,1,0
499000,45.683647,-111.18722,3.0,2.0,1559.0,,,2.0,2015.0,1,0,0,0,1,0,0,0,0,1,0,0,0,0,0,0
685000,45.664894,-111.129105,3.0,2.0,1715.0,15942.0,,2.0,2014.0,1,0,0,0,1,0,0,0,0,0,0,0,0,1,0,0
610000,45.67637,-111.08602,3.0,2.0,1565.0,6708.0,,1.0,1985.0,1,0,0,0,1,0,0,0,0,0,0,0,0,1,0,0
655000,45.67808,-111.11806,3.0,2.0,1785.0,5902.0,,2.0,2018.0,1,0,0,0,1,0,0,0,0,0,0,0,0,1,0,0
799000,45.68287,-111.021736,2.0,2.0,1414.0,,,1.0,2006.0,1,0,0,0,1,0,0,0,0,1,0,0,0,0,0,0
739999,45.66784,-111.136024,3.0,2.0,2197.0,8494.0,,2.0,2016.0,1,0,0,0,1,0,0,0,0,0,0,0,0,1,0,0
799900,45.690243,-111.086,5.0,2.0,2232.0,8276.0,,2.0,1983.0,1,0,0,0,0,0,0,1,0,0,0,0,0,1,0,0
659000,45.680862,-111.09669,3.0,3.0,1528.0,3497.0,,2.0,2014.0,1,0,0,0,0,0,0,1,0,0,0,0,0,0,1,0
1588000,45.7427,-111.14527,4.0,5.0,3894.0,32234.0,,3.0,2006.0,1,0,0,0,0,0,0,1,0,0,0,0,0,1,0,0
739000,45.68287,-111.021736,2.0,2.0,1138.0,,,1.0,2006.0,1,0,0,0,1,0,0,0,0,1,0,0,0,0,0,0
6995000,45.674046,-110.89259,,0.0,,6916892.0,,,,1,0,0,0,0,0,0,0,1,0,1,0,0,0,0,0
2200000,45.683193,-111.16152,4.0,4.0,4200.0,22651.0,,3.0,2018.0,1,0,0,0,0,0,0,0,1,0,0,0,0,1,0,0
2500000,45.666107,-110.843056,4.0,5.0,3812.0,1743271.0,,3.0,2006.0,1,0,0,0,0,0,0,1,0,0,0,0,0,1,0,0
2895000,45.74732,-111.06266,5.0,5.0,5174.0,74923.0,,3.0,2022.0,0,0,0,1,0,0,0,1,0,0,0,0,0,1,0,0
972000,45.64999,-111.077965,3.0,3.0,2440.0,6098.0,,2.0,2021.0,1,0,0,0,0,0,0,1,0,0,0,0,0,1,0,0
350000,45.713463,-111.021774,,,,21692.0,,,,1,0,0,0,0,0,0,0,1,0,1,0,0,0,0,0
1399000,45.68958,-111.15272,2.0,3.0,2142.0,8537.0,,1.0,2023.0,1,0,0,0,1,0,0,0,0,0,0,0,0,1,0,0
2700000,45.669666,-111.03915,3.0,4.0,3661.0,13503.0,,2.0,2017.0,1,0,0,0,1,0,0,0,0,0,0,0,0,1,0,0
899000,45.672203,-111.05619,3.0,3.0,2346.0,7871.0,,2.0,1976.0,1,0,0,0,0,1,0,0,0,0,0,0,0,1,0,0
895000,45.877316,-110.822235,,,,873944.0,,,,1,0,0,0,0,0,0,0,1,0,1,0,0,0,0,0
186900,45.743668,-111.18064,3.0,2.0,910.0,,,1.0,2025.0,0,0,0,1,0,0,0,0,1,0,0,1,0,0,0,0
2750000,45.600292,-111.065254,6.0,6.0,4788.0,217800.0,,3.0,2014.0,1,0,0,0,0,0,0,1,0,0,0,0,0,1,0,0
244000,45.740025,-111.1815,3.0,2.0,1493.0,4823.0,,0.0,2024.0,1,0,0,0,0,0,0,0,1,0,0,1,0,0,0,0
1220000,45.71688,-111.190544,4.0,3.0,2345.0,22259.0,,2.0,2013.0,1,0,0,0,1,0,0,0,0,0,0,0,0,1,0,0
4500000,45.667072,-111.23536,4.0,4.0,5210.0,986198.0,,6.0,2002.0,1,0,0,0,0,0,0,1,0,0,0,0,0,1,0,0
1275000,45.69739,-111.0969,5.0,3.0,3294.0,9931.0,,2.0,2022.0,1,0,0,0,0,0,0,1,0,0,0,0,0,1,0,0
999000,45.688892,-111.07413,4.0,3.0,2726.0,6250.0,,2.0,2004.0,1,0,0,0,0,0,0,1,0,0,0,0,0,1,0,0
1199000,45.68513,-111.1534,2.0,3.0,1673.0,,,1.0,2023.0,1,0,0,0,0,0,0,1,0,1,0,0,0,0,0,0
475000,45.661148,-111.06035,4.0,4.0,1916.0,,,1.0,1997.0,1,0,0,0,0,0,1,0,0,1,0,0,0,0,0,0
2795000,45.666107,-110.843056,6.0,4.0,3812.0,1743271.0,,2.0,2005.0,1,0,0,0,0,0,0,1,0,0,0,0,0,1,0,0
699000,45.663937,-111.137764,3.0,3.0,1803.0,7723.0,,3.0,2014.0,1,0,0,0,1,0,0,0,0,0,0,0,0,1,0,0
719000,45.661263,-111.0408,3.0,3.0,2095.0,13503.0,,2.0,1982.0,1,0,0,0,0,0,0,1,0,0,0,0,0,1,0,0
595900,45.704483,-111.09135,3.0,3.0,1362.0,3162.0,,2.0,2012.0,1,0,0,0,0,0,0,1,0,0,0,0,0,1,0,0
379000,45.665226,-110.773125,,,,885574.0,,,,1,0,0,0,0,0,0,0,1,0,1,0,0,0,0,0
999500,45.65044,-110.89111,,,,1307235.0,,,,1,0,0,0,0,0,0,0,1,0,1,0,0,0,0,0
1100000,45.68089,-111.10195,3.0,3.0,2200.0,7701.0,,2.0,2005.0,1,0,0,0,0,0,0,1,0,0,0,0,0,1,0,0
2095000,45.67953,-111.04174,2.0,3.0,1618.0,,,1.0,2025.0,1,0,0,0,1,0,0,0,0,1,0,0,0,0,0,0
1325000,45.69739,-111.0969,4.0,4.0,3294.0,9931.0,,3.0,2026.0,1,0,0,0,0,0,0,1,0,0,0,0,0,1,0,0
979000,45.674206,-111.09024,5.0,4.0,2954.0,16944.0,,3.0,2001.0,1,0,0,0,0,0,0,1,0,0,0,0,0,1,0,0
1790000,45.682716,-111.03768,2.0,3.0,1439.0,,,1.0,2025.0,0,0,0,1,1,0,0,0,0,1,0,0,0,0,0,0
145000,45.719334,-111.093056,3.0,2.0,1540.0,,,0.0,1999.0,1,0,0,0,0,0,0,0,1,0,0,1,0,0,0,0
675000,45.697052,-111.08056,3.0,3.0,1966.0,,,2.0,2024.0,0,0,0,1,0,0,0,1,0,1,0,0,0,0,0,0
709000,45.693974,-111.14703,3.0,3.0,1774.0,3280.0,,2.0,2024.0,0,0,0,1,0,0,0,1,0,0,0,0,0,1,0,0
1437000,45.696877,-111.09686,4.0,4.0,2808.0,12353.0,,3.0,2019.0,1,0,0,0,0,0,0,1,0,0,0,0,0,1,0,0
995000,45.64449,-111.1959,,,,203120.0,,,,1,0,0,0,0,0,0,0,1,0,1,0,0,0,0,0
750000,45.655685,-111.00254,,,,100187.0,,,,1,0,0,0,0,0,0,0,1,0,1,0,0,0,0,0
819900,45.690243,-111.086,4.0,3.0,2232.0,8276.0,,2.0,2018.0,1,0,0,0,0,0,0,1,0,0,0,0,0,1,0,0
532000,45.679935,-111.11789,3.0,3.0,1508.0,3550.0,,1.0,2025.0,0,0,0,1,0,0,0,1,0,0,0,0,0,0,1,0
479000,45.673367,-111.08791,2.0,3.0,1413.0,6817.0,,1.0,1993.0,1,0,0,0,0,0,0,1,0,0,0,0,0,0,1,0
675000,45.697052,-111.08056,3.0,3.0,1966.0,,,2.0,2024.0,0,0,0,1,0,0,0,1,0,1,0,0,0,0,0,0
2250000,45.678802,-111.04181,2.0,2.0,1920.0,,,1.0,2015.0,1,0,0,0,1,0,0,0,0,1,0,0,0,0,0,0
1950000,45.752083,-111.24458,7.0,6.0,4184.0,220239.0,,2.0,2020.0,1,0,0,0,0,0,0,1,0,0,0,0,0,1,0,0
499900,45.71127,-111.08183,3.0,3.0,1755.0,,,1.0,2005.0,1,0,0,0,0,0,0,1,0,1,0,0,0,0,0,0
675000,45.697067,-111.08132,3.0,3.0,1966.0,,,2.0,2024.0,0,0,0,1,0,0,0,1,0,1,0,0,0,0,0,0
3649000,45.678207,-111.00513,4.0,4.0,3344.0,553647.0,,3.0,2026.0,1,0,0,0,1,0,0,0,0,0,0,0,0,1,0,0
479900,45.690483,-111.11821,3.0,3.0,1574.0,,,2.0,2008.0,1,0,0,0,0,0,0,1,0,1,0,0,0,0,0,0
1975000,45.614746,-111.17262,3.0,,,958320.0,,,2003.0,1,0,0,0,0,0,0,0,1,0,1,0,0,0,0,0
532000,45.679935,-111.11789,3.0,3.0,1508.0,3550.0,,1.0,2025.0,0,0,0,1,0,0,0,1,0,0,0,0,0,0,1,0
550000,45.675625,-111.083694,3.0,2.0,1424.0,3319.0,,1.0,1997.0,1,0,0,0,0,0,0,1,0,0,0,0,0,0,1,0
3799000,45.66719,-111.205666,4.0,4.0,3456.0,194626.0,,7.0,2001.0,1,0,0,0,1,0,0,0,0,0,0,0,0,1,0,0
1500000,45.713547,-111.19695,5.0,2.0,3664.0,130680.0,,3.0,1966.0,1,0,0,0,1,0,0,0,0,0,0,0,0,1,0,0
1400000,45.614746,-111.17262,,,,958320.0,,,,1,0,0,0,0,0,0,0,1,0,1,0,0,0,0,0
297900,45.743668,-111.18064,3.0,2.0,1627.0,,,1.0,2025.0,0,0,0,1,0,0,0,0,1,0,0,1,0,0,0,0
660000,45.661823,-111.03521,3.0,3.0,2254.0,2365.0,,2.0,2005.0,1,0,0,0,0,0,0,1,0,0,0,0,0,0,1,0
984900,45.68089,-111.10195,4.0,4.0,2200.0,7701.0,,2.0,2005.0,1,0,0,0,0,0,0,1,0,0,0,0,0,1,0,0
850000,45.667973,-111.19657,5.0,4.0,3300.0,,,0.0,2024.0,1,0,0,0,0,0,1,0,0,1,0,0,0,0,0,0
1894000,45.731922,-111.17872,,,,158776.0,,,,1,0,0,0,0,0,0,0,1,0,1,0,0,0,0,0
1595000,45.686413,-111.02748,2.0,2.0,1777.0,,,1.0,2023.0,1,0,0,0,1,0,0,0,0,1,0,0,0,0,0,0
178000,45.68024,-111.11875,,,,6634.0,,,,1,0,0,0,0,0,0,0,1,0,1,0,0,0,0,0
875000,45.681232,-111.027,3.0,3.0,1649.0,8398.0,,1.0,2020.0,1,0,0,0,0,0,0,1,0,0,0,0,0,1,0,0
429000,45.659313,-110.770325,,,,918898.0,,,,1,0,0,0,0,0,0,0,1,0,1,0,0,0,0,0
0,,,,,,,,,2025.0,0,0,0,0,0,0,0,0,1,0,0,0,0,0,0,1
1600000,45.6934,-111.10406,,,,44866.0,,,,1,0,0,0,0,0,0,0,1,0,1,0,0,0,0,0
615000,45.691833,-111.11834,3.0,3.0,2015.0,,,1.0,2014.0,1,0,0,0,0,0,0,1,0,1,0,0,0,0,0,0
525000,45.74103,-111.13986,,,,50965.0,,,,1,0,0,0,0,0,0,0,1,0,1,0,0,0,0,0
725000,45.663937,-111.137764,3.0,3.0,1803.0,7723.0,,2.0,2024.0,1,0,0,0,0,0,0,1,0,0,0,0,0,1,0,0
445500,45.672344,-111.06641,2.0,2.0,1343.0,,,1.0,1985.0,1,0,0,0,1,0,0,0,0,1,0,0,0,0,0,0
1450000,45.54677,-111.08558,,,,959321.0,,,,1,0,0,0,0,0,0,0,1,0,1,0,0,0,0,0
260000,45.645645,-111.06446,,,,7492.0,,,,1,0,0,0,0,0,0,0,1,0,1,0,0,0,0,0
529000,45.6939,-111.073456,3.0,3.0,1642.0,,,2.0,2015.0,1,0,0,0,0,0,0,1,0,1,0,0,0,0,0,0
638750,45.67808,-111.11806,3.0,2.0,1785.0,5902.0,,2.0,2025.0,1,0,0,0,1,0,0,0,0,0,0,0,0,1,0,0
224900,45.743668,-111.18064,3.0,2.0,1413.0,,,1.0,2025.0,0,0,0,1,0,0,0,0,1,0,0,1,0,0,0,0
1158000,45.68089,-111.10195,6.0,6.0,2200.0,7701.0,,,2015.0,1,0,0,0,0,0,0,1,0,0,0,0,0,1,0,0
449000,45.653465,-111.02634,,,,25482.0,,,,1,0,0,0,0,0,0,0,1,0,1,0,0,0,0,0
515000,45.706814,-111.08196,3.0,3.0,1423.0,,,2.0,2005.0,1,0,0,0,0,0,0,1,0,1,0,0,0,0,0,0
528000,45.678036,-111.047295,1.0,1.0,720.0,,,1.0,2017.0,1,0,0,0,1,0,0,0,0,1,0,0,0,0,0,0
525000,45.612453,-111.098335,,,,131551.0,,,,1,0,0,0,0,0,0,0,1,0,1,0,0,0,0,0
1225000,45.64736,-110.95816,,,,367646.0,,,,1,0,0,0,0,0,0,0,1,0,1,0,0,0,0,0
719000,45.671432,-111.162735,3.0,2.0,1770.0,,,2.0,2020.0,1,0,0,0,1,0,0,0,0,1,0,0,0,0,0,0
999950,45.80568,-111.09109,3.0,,,906048.0,,,1998.0,1,0,0,0,0,0,0,0,1,0,1,0,0,0,0,0
1795000,45.747746,-111.06211,3.0,3.0,3872.0,48351.0,,2.0,1989.0,1,0,0,0,1,0,0,0,0,0,0,0,0,1,0,0
540000,45.69092,-111.11366,3.0,3.0,1572.0,,,1.0,2025.0,0,0,0,1,0,0,0,1,0,1,0,0,0,0,0,0
599950,45.68946,-111.0535,1.0,2.0,1688.0,3301.0,,1.0,2020.0,1,0,0,0,0,0,0,1,0,0,0,0,0,0,1,0
750000,45.6495,-111.07467,3.0,4.0,2182.0,,,1.0,2023.0,1,0,0,0,0,0,1,0,0,1,0,0,0,0,0,0
620000,45.68855,-111.085594,2.0,2.0,1782.0,,,2.0,2000.0,1,0,0,0,1,0,0,0,0,1,0,0,0,0,0,0
349000,45.69332,-111.09454,2.0,,,10454.0,,,1865.0,1,0,0,0,0,0,0,0,1,0,1,0,0,0,0,0
2178000,45.6599,-111.063644,,,,55016.0,,,,1,0,0,0,0,0,0,0,1,0,1,0,0,0,0,0
1295000,45.646587,-110.84435,,,,1716873.0,,,,1,0,0,0,0,0,0,0,1,0,1,0,0,0,0,0
1029000,45.64449,-111.057724,4.0,3.0,2758.0,,,2.0,2025.0,0,0,0,1,0,0,0,1,0,0,0,0,0,1,0,0
575000,45.69952,-111.1499,,,,35457.0,,,,1,0,0,0,0,0,0,0,1,0,1,0,0,0,0,0
3900000,45.81054,-110.89328,5.0,4.0,4334.0,875033.0,,2.0,1991.0,1,0,0,0,0,0,0,1,0,0,0,0,0,1,0,0
2495000,45.61615,-111.00422,5.0,4.0,4840.0,69696.0,,3.0,1998.0,1,0,0,0,1,0,0,0,0,0,0,0,0,1,0,0
299000,45.712288,-111.18962,,,,14283.0,,,,1,0,0,0,0,0,0,0,1,0,1,0,0,0,0,0
445000,45.7417,-111.14525,,,,41251.0,,,,1,0,0,0,0,0,0,0,1,0,1,0,0,0,0,0
325000,45.712074,-111.18922,,,,21780.0,,,,1,0,0,0,0,0,0,0,1,0,1,0,0,0,0,0
650000,45.70139,-111.08792,,,,,,,2003.0,1,0,0,0,0,0,0,0,1,0,0,0,0,1,0,0
500000,45.70793,-111.0435,,,,19602.0,,,,1,0,0,0,0,0,0,0,1,0,1,0,0,0,0,0
5995000,45.69948,-111.11226,,,,1331629.0,,,,1,0,0,0,0,0,0,0,1,0,1,0,0,0,0,0
1005000,45.687046,-111.06173,,,,24999.0,,,,1,0,0,0,0,0,0,0,1,0,1,0,0,0,0,0
215000,45.667103,-111.12818,,,,7405.0,,,,1,0,0,0,0,0,0,0,1,0,1,0,0,0,0,0
299000,45.682926,-111.11487,,,,5357.0,,,,1,0,0,0,0,0,0,0,1,0,1,0,0,0,0,0
1850000,45.6934,-111.10406,,,,44866.0,,,,1,0,0,0,0,0,0,0,1,0,1,0,0,0,0,0
499000,45.683243,-111.1571,,,,34630.0,,,,1,0,0,0,0,0,0,0,1,0,1,0,0,0,0,0
500000,45.70793,-111.0435,,,,19602.0,,,,1,0,0,0,0,0,0,0,1,0,1,0,0,0,0,0
500000,45.70809,-111.042694,,,,18948.0,,,,1,0,0,0,0,0,0,0,1,0,1,0,0,0,0,0
575000,45.746292,-111.235214,,,,172933.0,,,,1,0,0,0,0,0,0,0,1,0,1,0,0,0,0,0
515000,45.707146,-111.08176,2.0,3.0,1423.0,,,2.0,2007.0,1,0,0,0,0,0,0,1,0,1,0,0,0,0,0,0
255000,45.645645,-111.06446,,,,7492.0,,,,1,0,0,0,0,0,0,0,1,0,1,0,0,0,0,0
595000,45.665764,-111.00045,,,,43560.0,,,,1,0,0,0,0,0,0,0,1,0,1,0,0,0,0,0
13499000,45.570057,-111.14159,,,,3484800.0,,,,1,0,0,0,0,0,0,0,1,0,1,0,0,0,0,0
1870000,45.658848,-111.067726,,,,54885.0,,,,1,0,0,0,0,0,0,0,1,0,1,0,0,0,0,0
695000,45.64359,-111.02367,,,,119180.0,,,,1,0,0,0,0,0,0,0,1,0,1,0,0,0,0,0
1029000,45.64514,-111.05796,4.0,3.0,2327.0,4399.0,,2.0,2025.0,0,0,0,1,0,0,0,1,0,0,0,0,0,1,0,0
1500000,45.720203,-111.01912,,,,1224036.0,,,,1,0,0,0,0,0,0,0,1,0,1,0,0,0,0,0
4185000,45.67065,-111.1228,,,4696.0,341118.0,,,,1,0,0,0,0,0,0,0,1,0,1,0,0,0,0,0
699000,45.768456,-111.08659,,,,48046.0,,,,1,0,0,0,0,0,0,0,1,0,1,0,0,0,0,0
178000,45.68024,-111.11875,,,,6634.0,,,,1,0,0,0,0,0,0,0,1,0,1,0,0,0,0,0
675000,45.697052,-111.08056,3.0,3.0,1966.0,,,2.0,2024.0,0,0,0,1,0,0,0,1,0,1,0,0,0,0,0,0
915000,45.655685,-111.00254,,,,100187.0,,,,1,0,0,0,0,0,0,0,1,0,1,0,0,0,0,0
1100000,45.713932,-111.07569,,,,24524.0,,,,1,0,0,0,0,0,0,0,1,0,1,0,0,0,0,0
975000,45.67912,-111.10366,,,,11979.0,,,,1,0,0,0,0,0,0,0,1,0,1,0,0,0,0,0
550000,45.69264,-111.112076,3.0,3.0,1820.0,,,1.0,2025.0,1,0,0,0,0,0,0,1,0,1,0,0,0,0,0,0
495000,45.69332,-111.09454,,,,10454.0,,,,1,0,0,0,0,0,0,0,1,0,1,0,0,0,0,0
675000,45.697052,-111.08056,3.0,3.0,1966.0,,,2.0,2024.0,0,0,0,1,0,0,0,1,0,1,0,0,0,0,0,0
550000,45.69389,-111.073395,3.0,3.0,1609.0,,,2.0,2015.0,1,0,0,0,0,0,0,1,0,1,0,0,0,0,0,0
3250000,45.68235,-110.84282,,,,3332340.0,,,,1,0,0,0,0,0,0,0,1,0,1,0,0,0,0,0
1795000,45.671646,-111.10047,,,,43124.0,,,,1,0,0,0,0,0,0,0,1,0,1,0,0,0,0,0
529750,45.71127,-111.08183,3.0,3.0,1755.0,,,1.0,2025.0,1,0,0,0,0,0,0,1,0,1,0,0,0,0,0,0
499000,45.64625,-111.063225,2.0,3.0,1186.0,,,1.0,2013.0,0,0,0,1,0,0,0,1,0,1,0,0,0,0,0,0
1000000,45.678776,-111.10368,,,,12501.0,,,,1,0,0,0,0,0,0,0,1,0,1,0,0,0,0,0
349500,45.68933,-111.09571,,,,10724.0,,,,1,0,0,0,0,0,0,0,1,0,1,0,0,0,0,0
289000,45.71213,-111.19048,,,,20843.0,,,,1,0,0,0,0,0,0,0,1,0,1,0,0,0,0,0
685000,45.697067,-111.08132,3.0,3.0,1966.0,,,2.0,2024.0,0,0,0,1,0,0,0,1,0,1,0,0,0,0,0,0
532000,45.679935,-111.11789,3.0,3.0,1508.0,3550.0,,1.0,2025.0,0,0,0,1,0,0,0,1,0,0,0,0,0,0,1,0
532000,45.679985,-111.11798,3.0,3.0,1508.0,3001.0,,1.0,2025.0,0,0,0,1,0,0,0,1,0,0,0,0,0,0,1,0
644900,45.714703,-111.19072,3.0,3.0,1880.0,,,2.0,2025.0,0,0,0,1,0,0,0,1,0,0,0,0,0,1,0,0
290000,45.645645,-111.06446,,,,7492.0,,,,1,0,0,0,0,0,0,0,1,0,1,0,0,0,0,0
1450000,45.6934,-111.10406,,,,44866.0,,,,1,0,0,0,0,0,0,0,1,0,1,0,0,0,0,0
650000,45.735924,-111.06623,,,,67779.0,,,,1,0,0,0,0,0,0,0,1,0,1,0,0,0,0,0
615000,45.747154,-111.05247,,,,57934.0,,,,1,0,0,0,0,0,0,0,1,0,1,0,0,0,0,0
1825000,45.614746,-111.17262,,,,958320.0,,,,1,0,0,0,0,0,0,0,1,0,1,0,0,0,0,0
1049000,45.73212,-111.08474,,,,112820.0,,,,1,0,0,0,0,0,0,0,1,0,1,0,0,0,0,0
6155000,45.704582,-111.075,,,,358934.0,,,,1,0,0,0,0,0,0,0,1,0,1,0,0,0,0,0
799900,45.684834,-111.193756,4.0,4.0,3632.0,7405.0,,2.0,2014.0,1,0,0,0,0,0,0,1,0,0,0,0,0,1,0,0
399000,45.69952,-111.1499,,,,35457.0,,,,1,0,0,0,0,0,0,0,1,0,1,0,0,0,0,0
1550000,45.682716,-111.03768,2.0,3.0,1886.0,,,1.0,2025.0,0,0,0,1,1,0,0,0,0,1,0,0,0,0,0,0
675000,45.697052,-111.08056,3.0,3.0,1966.0,,,2.0,2024.0,0,0,0,1,0,0,0,1,0,1,0,0,0,0,0,0
565000,45.66586,-111.0007,,,,43560.0,,,,1,0,0,0,0,0,0,0,1,0,1,0,0,0,0,0
543000,45.754807,-111.17322,3.0,3.0,1815.0,3484.0,,2.0,2025.0,0,0,0,1,0,0,0,1,0,0,0,0,0,0,1,0
7995000,45.63652,-111.06411,,,1452.0,871635.0,,,,1,0,0,0,0,0,0,0,1,0,1,0,0,0,0,0
550000,45.66586,-111.0007,,,,43560.0,,,,1,0,0,0,0,0,0,0,1,0,1,0,0,0,0,0
555000,45.64665,-110.8431,,,,860179.0,,,,1,0,0,0,0,0,0,0,1,0,1,0,0,0,0,0
639900,45.714703,-111.19072,3.0,3.0,1972.0,,,2.0,2025.0,0,0,0,1,0,0,0,1,0,0,0,0,0,1,0,0
1100000,45.666733,-111.17403,,,,339898.0,,,,1,0,0,0,0,0,0,0,1,0,1,0,0,0,0,0
850000,45.67912,-111.10366,,,,11979.0,,,,1,0,0,0,0,0,0,0,1,0,1,0,0,0,0,0
329000,45.69156,-111.09391,,,,5619.0,,,,1,0,0,0,0,0,0,0,1,0,1,0,0,0,0,0
178000,45.680355,-111.118835,,,,5636.0,,,,1,0,0,0,0,0,0,0,1,0,1,0,0,0,0,0
575000,45.66586,-111.0007,,,,43560.0,,,,1,0,0,0,0,0,0,0,1,0,1,0,0,0,0,0
7250000,45.570057,-111.14159,,,,3484800.0,,,,1,0,0,0,0,0,0,0,1,0,1,0,0,0,0,0
2250000,45.625328,-110.95869,,,,522720.0,,,,1,0,0,0,0,0,0,0,1,0,1,0,0,0,0,0
1950000,45.720203,-111.01912,,,,1224036.0,,,,1,0,0,0,0,0,0,0,1,0,1,0,0,0,0,0
1475000,45.592026,-111.178986,,,,882090.0,,,,1,0,0,0,0,0,0,0,1,0,1,0,0,0,0,0
4750000,45.704582,-111.075,,,,358934.0,,,,1,0,0,0,0,0,0,0,1,0,1,0,0,0,0,0
3500000,45.650146,-111.10156,,,,914803.0,,,,1,0,0,0,0,0,0,0,1,0,1,0,0,0,0,0
2250000,45.74856,-111.04671,4.0,4.0,4218.0,87642.0,,5.0,1990.0,1,0,0,0,0,0,0,1,0,0,0,0,0,1,0,0
4363405,45.704582,-111.075,,,,358934.0,,,,1,0,0,0,0,0,0,0,1,0,1,0,0,0,0,0
3366000,45.681255,-110.84856,,0.0,,8400415.0,,,,1,0,0,0,0,0,0,0,1,0,1,0,0,0,0,0
1199000,45.614746,-111.17262,,,,958320.0,,,,1,0,0,0,0,0,0,0,1,0,1,0,0,0,0,0
275000,45.682926,-111.11487,,,,5967.0,,,,1,0,0,0,0,0,0,0,1,0,1,0,0,0,0,0
639000,45.684654,-111.079254,4.0,3.0,1895.0,3567.0,,1.0,2025.0,0,0,0,1,0,0,0,1,0,0,0,0,0,0,1,0
729000,45.68287,-111.021736,2.0,2.0,1138.0,,,1.0,2006.0,1,0,0,0,1,0,0,0,0,1,0,0,0,0,0,0
2550000,45.683193,-111.16152,4.0,4.0,4200.0,22651.0,,3.0,2025.0,1,0,0,0,0,0,0,1,0,0,0,0,0,1,0,0
1395000,45.680603,-111.03775,2.0,2.0,1425.0,,,1.0,2018.0,1,0,0,0,0,0,0,1,0,1,0,0,0,0,0,0
709000,45.693996,-111.14703,3.0,3.0,1774.0,3001.0,,2.0,2024.0,0,0,0,1,0,0,0,1,0,0,0,0,0,1,0,0
595000,45.646603,-110.84527,,,,856694.0,,,,1,0,0,0,0,0,0,0,1,0,1,0,0,0,0,0
1299000,45.681164,-111.03402,2.0,2.0,1554.0,,,1.0,2017.0,1,0,0,0,1,0,0,0,0,1,0,0,0,0,0,0
649000,45.66873,-111.19701,3.0,3.0,1380.0,,,1.0,2017.0,1,0,0,0,0,0,0,1,0,1,0,0,0,0,0,0
215000,45.667137,-111.12869,,,,7405.0,,,,1,0,0,0,0,0,0,0,1,0,1,0,0,0,0,0
300000,45.69156,-111.09391,,,,5619.0,,,,1,0,0,0,0,0,0,0,1,0,1,0,0,0,0,0
475000,45.58861,-111.08247,,,,43603.0,,,,1,0,0,0,0,0,0,0,1,0,1,0,0,0,0,0
899000,45.644882,-111.05797,3.0,2.0,1673.0,4443.0,,2.0,2025.0,0,0,0,1,1,0,0,0,0,0,0,0,0,1,0,0
335000,45.71213,-111.19048,,,,20843.0,,,,1,0,0,0,0,0,0,0,1,0,1,0,0,0,0,0
995000,45.660282,-111.032196,4.0,2.0,,7840.0,,,1976.0,1,0,0,0,1,0,0,0,0,0,0,0,1,0,0,0
575000,45.691833,-111.11834,3.0,3.0,2015.0,,,2.0,2021.0,1,0,0,0,0,0,0,1,0,1,0,0,0,0,0,0
2175000,45.681255,-110.84856,,,,8400415.0,,,,1,0,0,0,0,0,0,0,1,0,1,0,0,0,0,0
225000,45.667095,-111.129326,,,,7405.0,,,,1,0,0,0,0,0,0,0,1,0,1,0,0,0,0,0
225000,45.667103,-111.12818,,,,7405.0,,,,1,0,0,0,0,0,0,0,1,0,1,0,0,0,0,0
274900,45.694016,-111.095406,,,,7361.0,,,,1,0,0,0,0,0,0,0,1,0,1,0,0,0,0,0
215000,45.667137,-111.12869,,,,7405.0,,,,1,0,0,0,0,0,0,0,1,0,1,0,0,0,0,0
650000,45.64228,-111.0634,3.0,3.0,1576.0,,,2.0,2019.0,1,0,0,0,0,0,1,0,0,1,0,0,0,0,0,0
620000,45.67884,-111.09085,3.0,2.0,1659.0,,,2.0,1995.0,1,0,0,0,1,0,0,0,0,1,0,0,0,0,0,0
1520000,45.682716,-111.03768,2.0,2.0,1886.0,,,1.0,2025.0,0,0,0,1,1,0,0,0,0,1,0,0,0,0,0,0
724900,45.612453,-111.098335,,,,131551.0,,,,1,0,0,0,0,0,0,0,1,0,1,0,0,0,0,0
1029000,45.64514,-111.05796,4.0,3.0,2327.0,4399.0,,2.0,2025.0,0,0,0,1,0,0,0,1,0,0,0,0,0,1,0,0
1199999,45.68089,-111.10195,4.0,4.0,2200.0,7701.0,,2.0,2017.0,1,0,0,0,0,0,0,1,0,0,0,0,0,1,0,0
178000,45.68024,-111.11875,,,,6634.0,,,,1,0,0,0,0,0,0,0,1,0,1,0,0,0,0,0
2300000,45.600292,-111.065254,9.0,6.0,4788.0,217800.0,,,2018.0,1,0,0,0,0,0,1,0,0,0,0,0,0,1,0,0
960000,45.667507,-111.13242,4.0,3.0,2447.0,9234.0,,2.0,2019.0,1,0,0,0,0,0,0,1,0,0,0,0,0,1,0,0
2200000,45.64806,-111.06351,,,,111077.0,,,,1,0,0,0,0,0,0,0,1,0,1,0,0,0,0,0
2900000,45.571396,-111.0854,4.0,2.0,2151.0,967903.0,,2.0,1993.0,1,0,0,0,1,0,0,0,0,0,0,0,0,1,0,0
499000,45.69952,-111.1499,,,,35457.0,,,,1,0,0,0,0,0,0,0,1,0,1,0,0,0,0,0
1950000,45.71628,-111.01083,,,,1224036.0,,,,1,0,0,0,0,0,0,0,1,0,1,0,0,0,0,0
420000,45.7417,-111.14525,,,,41251.0,,,,1,0,0,0,0,0,0,0,1,0,1,0,0,0,0,0
244000,45.743668,-111.18064,3.0,2.0,1493.0,,,1.0,2025.0,0,0,0,1,0,0,0,0,1,0,0,1,0,0,0,0
1320000,45.680603,-111.03775,1.0,2.0,1425.0,,,1.0,2025.0,1,0,0,0,1,0,0,0,0,1,0,0,0,0,0,0
745000,45.64978,-111.07738,3.0,4.0,2182.0,,,1.0,2024.0,0,0,0,1,0,0,1,0,0,1,0,0,0,0,0,0
1550000,45.65044,-110.89111,,,,1307235.0,,,,1,0,0,0,0,0,0,0,1,0,1,0,0,0,0,0
925000,45.66784,-111.136024,4.0,3.0,2197.0,8494.0,,2.0,2022.0,1,0,0,0,0,0,0,1,0,0,0,0,0,1,0,0
5450545,45.648926,-110.88534,,,,10018800.0,,,,1,0,0,0,0,0,0,0,1,0,1,0,0,0,0,0
3900000,45.802177,-111.07843,,,,5736851.0,,,,1,0,0,0,0,0,0,0,1,0,1,0,0,0,0,0
235000,45.712276,-111.18925,,,,10545.0,,,,1,0,0,0,0,0,0,0,1,0,1,0,0,0,0,0
685000,45.671486,-111.161736,3.0,2.0,1770.0,,,2.0,2020.0,1,0,0,0,1,0,0,0,0,1,0,0,0,0,0,0
615000,45.70139,-111.08792,,,,,,,2003.0,1,0,0,0,0,0,0,0,1,0,0,0,0,1,0,0
2850000,45.68235,-110.84282,,0.0,,3332340.0,,,,1,0,0,0,0,0,0,0,1,0,1,0,0,0,0,0
629000,45.676468,-111.09622,3.0,3.0,2161.0,,,2.0,2018.0,1,0,0,0,0,0,0,1,0,1,0,0,0,0,0,0
565000,45.643333,-111.06322,3.0,3.0,1300.0,,,1.0,2019.0,1,0,0,0,0,0,0,1,0,1,0,0,0,0,0,0
950000,45.65044,-110.89111,,,,1307235.0,,,,1,0,0,0,0,0,0,0,1,0,1,0,0,0,0,0
750000,45.68485,-111.061615,6.0,2.0,,7274.0,,,1973.0,1,0,0,0,1,0,0,0,0,0,0,0,1,0,0,0
2200000,45.650146,-111.10156,,,,914803.0,,,,1,0,0,0,0,0,0,0,1,0,1,0,0,0,0,0
745000,45.64981,-111.077484,3.0,4.0,2182.0,,,1.0,2024.0,0,0,0,1,0,0,1,0,0,1,0,0,0,0,0,0
2750000,45.69455,-111.105865,,,,107157.0,,,,1,0,0,0,0,0,0,0,1,0,1,0,0,0,0,0
289000,45.69332,-111.09454,,,,10454.0,,,,1,0,0,0,0,0,0,0,1,0,1,0,0,0,0,0
1875000,45.62141,-111.07251,,,3573.0,73790.0,,,1998.0,1,0,0,0,0,0,0,1,0,0,0,0,0,1,0,0
649000,45.664894,-111.129105,2.0,3.0,1715.0,15942.0,,3.0,2016.0,1,0,0,0,0,0,0,1,0,0,0,0,0,1,0,0
425000,45.737583,-111.14841,,,,27529.0,,,,1,0,0,0,0,0,0,0,1,0,1,0,0,0,0,0
630000,45.745426,-111.236626,,,,161607.0,,,,1,0,0,0,0,0,0,0,1,0,1,0,0,0,0,0
590000,45.653465,-111.02634,,,,25482.0,,,,1,0,0,0,0,0,0,0,1,0,1,0,0,0,0,0
499000,45.661983,-111.06085,4.0,4.0,1776.0,,,2.0,1997.0,1,0,0,0,0,0,1,0,0,1,0,0,0,0,0,0
499000,45.66586,-111.0007,,,,43560.0,,,,1,0,0,0,0,0,0,0,1,0,1,0,0,0,0,0
178000,45.71105,-111.190346,,,,7013.0,,,,1,0,0,0,0,0,0,0,1,0,1,0,0,0,0,0
6916320,45.674625,-110.880905,,0.0,,6765303.0,,,,1,0,0,0,0,0,0,0,1,0,1,0,0,0,0,0
1150000,45.66708,-110.83719,,,,1764180.0,,,,1,0,0,0,0,0,0,0,1,0,1,0,0,0,0,0
285000,45.645645,-111.06446,,,,7492.0,,,,1,0,0,0,0,0,0,0,1,0,1,0,0,0,0,0
3200000,45.67043,-111.141594,,,,348915.0,,,1970.0,1,0,0,0,0,0,0,0,1,0,1,0,0,0,0,0
340000,45.64547,-111.057976,,,,5501.0,,,,1,0,0,0,0,0,0,0,1,0,1,0,0,0,0,0
7454880,45.681973,-110.88231,,0.0,,6850681.0,,,,1,0,0,0,0,0,0,0,1,0,1,0,0,0,0,0
559900,45.768456,-111.08659,,,,48046.0,,,,1,0,0,0,0,0,0,0,1,0,1,0,0,0,0,0
255000,45.645645,-111.06446,,,,7492.0,,,,1,0,0,0,0,0,0,0,1,0,1,0,0,0,0,0
650000,45.664448,-111.16746,,,1064.0,77101.0,,,1979.0,1,0,0,0,0,0,0,0,1,0,1,0,0,0,0,0
675000,45.682774,-111.02248,2.0,2.0,1138.0,,,1.0,2006.0,1,0,0,0,1,0,0,0,0,1,0,0,0,0,0,0
275000,45.645645,-111.06446,,,,7492.0,,,,1,0,0,0,0,0,0,0,1,0,1,0,0,0,0,0
665000,45.691883,-111.06638,3.0,2.0,1770.0,7975.0,,2.0,1997.0,1,0,0,0,1,0,0,0,0,0,0,0,0,1,0,0
1059000,45.654385,-111.05185,4.0,3.0,1720.0,4443.0,,2.0,2025.0,0,0,0,1,0,0,0,1,0,0,0,0,0,1,0,0
799900,45.676098,-111.05292,5.0,2.0,2625.0,6669.0,,,1974.0,1,0,0,0,1,0,0,0,0,0,0,0,0,1,0,0
255000,45.645645,-111.06446,,,,7492.0,,,,1,0,0,0,0,0,0,0,1,0,1,0,0,0,0,0
1200000,45.68435,-111.10181,3.0,3.0,3092.0,9583.0,,2.0,2005.0,1,0,0,0,0,0,0,1,0,0,0,0,0,1,0,0
525000,45.69389,-111.073395,3.0,3.0,1609.0,,,2.0,2012.0,1,0,0,0,0,0,0,1,0,1,0,0,0,0,0,0
1995000,45.678207,-111.00513,3.0,3.0,3344.0,553647.0,,1.0,2024.0,1,0,0,0,0,0,0,1,0,0,0,0,0,1,0,0
367500,45.74103,-111.13986,,,,50965.0,,,,1,0,0,0,0,0,0,0,1,0,1,0,0,0,0,0
2599000,45.69207,-111.0643,12.0,12.0,,,,,2024.0,1,0,0,0,0,0,0,1,0,0,0,0,1,0,0,0
995000,45.6603,-111.03218,4.0,2.0,,8015.0,,,1976.0,1,0,0,0,1,0,0,0,0,0,0,0,1,0,0,0
669000,45.680862,-111.09669,3.0,3.0,1528.0,3497.0,,1.0,2022.0,1,0,0,0,0,0,0,1,0,0,0,0,0,0,1,0
1690000,45.771015,-111.170135,12.0,12.0,,10454.0,,,2007.0,1,0,0,0,0,0,0,1,0,0,0,0,1,0,0,0
679000,45.682785,-111.02246,2.0,2.0,1184.0,,,1.0,2006.0,1,0,0,0,1,0,0,0,0,1,0,0,0,0,0,0
2995000,45.68043,-111.037445,3.0,4.0,2494.0,,,1.0,2025.0,1,0,0,0,1,0,0,0,0,1,0,0,0,0,0,0
789900,45.646675,-111.0567,3.0,3.0,2619.0,3484.0,,2.0,2016.0,1,0,0,0,0,0,0,1,0,0,0,0,0,0,1,0
1649000,45.696877,-111.09686,3.0,3.0,2808.0,12353.0,,2.0,2025.0,1,0,0,0,0,0,0,1,0,0,0,0,0,1,0,0
575000,45.67884,-111.09085,3.0,2.0,1659.0,,,2.0,2003.0,1,0,0,0,1,0,0,0,0,1,0,0,0,0,0,0
399000,45.664074,-111.125435,3.0,2.0,1619.0,,,1.0,1991.0,1,0,0,0,0,0,0,1,0,1,0,0,0,0,0,0
599000,45.64228,-111.0634,3.0,2.0,1576.0,,,1.0,2023.0,1,0,0,0,0,0,0,1,0,1,0,0,0,0,0,0
526000,45.679935,-111.11789,3.0,3.0,1508.0,3550.0,,1.0,2025.0,0,0,0,1,0,0,0,1,0,0,0,0,0,0,1,0
1100000,45.67702,-111.06102,8.0,4.0,,12022.0,,,1975.0,1,0,0,0,0,1,0,0,0,0,0,0,1,0,0,0
1795000,45.678207,-111.00513,3.0,3.0,3344.0,553647.0,,2.0,2006.0,1,0,0,0,0,0,0,1,0,0,0,0,0,1,0,0
4095000,45.624718,-110.97349,4.0,4.0,4838.0,871200.0,,2.0,1996.0,1,0,0,0,0,0,0,1,0,0,0,0,0,1,0,0
535000,45.71127,-111.08183,3.0,3.0,1755.0,,,,2003.0,1,0,0,0,0,0,0,0,1,1,0,0,0,0,0,0
610000,45.676395,-111.078064,4.0,3.0,1427.0,10815.0,,2.0,1997.0,1,0,0,0,0,0,0,1,0,0,0,0,0,1,0,0
2875000,45.625328,-110.95869,,,,522720.0,,,,1,0,0,0,0,0,0,0,1,0,1,0,0,0,0,0
165000,45.66705,-111.1212,3.0,2.0,1248.0,,,,1998.0,1,0,0,0,0,0,0,0,1,0,0,1,0,0,0,0
5495000,45.560623,-111.11394,4.0,5.0,4184.0,986067.0,,2.0,1992.0,1,0,0,0,1,0,0,0,0,0,0,0,0,1,0,0
4899000,45.655075,-110.81234,4.0,4.0,5933.0,442526.0,,5.0,2023.0,1,0,0,0,0,0,0,1,0,0,0,0,0,1,0,0
769000,45.661263,-111.0408,5.0,4.0,2095.0,13503.0,,2.0,1975.0,1,0,0,0,1,0,0,0,0,0,0,0,0,1,0,0
775000,45.68622,-111.07389,4.0,3.0,1727.0,7492.0,,2.0,1999.0,1,0,0,0,0,1,0,0,0,0,0,0,0,1,0,0
1975000,45.631645,-111.02221,5.0,4.0,3084.0,89907.0,,4.0,1980.0,1,0,0,0,1,0,0,0,0,0,0,0,0,1,0,0
480000,45.67564,-111.061226,3.0,2.0,1149.0,,,2.0,1986.0,1,0,0,0,0,0,0,1,0,1,0,0,0,0,0,0
184900,45.742313,-111.18147,2.0,2.0,919.0,4445.0,,1.0,2025.0,1,0,0,0,0,0,0,0,1,0,0,1,0,0,0,0
695000,45.676098,-111.05292,5.0,2.0,2625.0,6669.0,,0.0,1954.0,1,0,0,0,1,0,0,0,0,0,0,0,0,1,0,0
1495000,45.757095,-111.06324,4.0,3.0,3452.0,62508.0,,2.0,1993.0,1,0,0,0,1,0,0,0,0,0,0,0,0,1,0,0
699000,45.676395,-111.078064,3.0,2.0,1427.0,10815.0,,2.0,1983.0,1,0,0,0,0,1,0,0,0,0,0,0,0,1,0,0
595000,45.67884,-111.09085,3.0,2.0,1659.0,,,,2009.0,1,0,0,0,0,0,0,0,1,1,0,0,0,0,0,0
79995,45.666206,-111.124245,4.0,2.0,924.0,,,0.0,1981.0,1,0,0,0,0,0,0,0,1,0,0,1,0,0,0,0
985000,45.853863,-110.80266,3.0,2.0,1680.0,437342.0,,4.0,2009.0,1,0,0,0,1,0,0,0,0,0,0,0,0,1,0,0
186900,45.742313,-111.18147,3.0,2.0,919.0,4445.0,,0.0,2024.0,1,0,0,0,0,0,0,0,1,0,0,1,0,0,0,0
650000,45.67352,-111.05619,2.0,1.0,2076.0,7379.0,,0.0,1932.0,1,0,0,0,0,0,0,1,0,0,0,0,0,1,0,0
650000,45.666546,-111.13316,2.0,2.0,1292.0,6651.0,,0.0,1935.0,1,0,0,0,1,0,0,0,0,0,0,0,0,1,0,0
560000,45.680862,-111.09669,3.0,2.0,1528.0,3497.0,,2.0,1994.0,1,0,0,0,1,0,0,0,0,0,0,0,0,0,1,0
1210000,45.652035,-111.07637,4.0,4.0,2822.0,6838.0,,2.0,2025.0,0,0,0,1,0,0,0,1,0,0,0,0,0,1,0,0
2995000,45.747414,-111.0648,5.0,4.0,4233.0,51400.0,,3.0,2024.0,1,0,0,0,1,0,0,0,0,0,0,0,0,1,0,0
1625000,45.696877,-111.09686,4.0,4.0,2808.0,12353.0,,2.0,2022.0,1,0,0,0,0,0,0,1,0,0,0,0,0,1,0,0
2299000,45.752083,-111.24458,4.0,5.0,4184.0,220239.0,,3.0,2025.0,1,0,0,0,0,0,0,1,0,0,0,0,0,1,0,0
744000,45.698895,-111.08327,4.0,3.0,1834.0,8280.0,,2.0,2024.0,1,0,0,0,0,0,0,1,0,0,0,0,0,1,0,0
445000,45.67782,-111.0565,2.0,2.0,1512.0,,,1.0,1986.0,1,0,0,0,0,0,0,1,0,1,0,0,0,0,0,0
1975000,45.73449,-111.23626,4.0,3.0,2154.0,996652.0,,3.0,2004.0,1,0,0,0,0,0,0,1,0,0,0,0,0,1,0,0
715000,45.68549,-111.06713,4.0,2.0,1972.0,11177.0,,2.0,2001.0,1,0,0,0,0,0,0,1,0,0,0,0,0,1,0,0
2375000,45.666107,-110.843056,4.0,3.0,3812.0,1743271.0,,4.0,2011.0,1,0,0,0,1,0,0,0,0,0,0,0,0,1,0,0
1399000,45.68832,-111.15643,3.0,3.0,1823.0,,,2.0,2020.0,1,0,0,0,1,0,0,0,0,1,0,0,0,0,0,0
893000,45.672203,-111.05619,3.0,2.0,2346.0,7871.0,,2.0,1910.0,1,0,0,0,0,0,0,1,0,0,0,0,0,1,0,0
74995,45.66624,-111.12083,2.0,2.0,980.0,,,0.0,1977.0,1,0,0,0,0,0,0,0,1,0,0,1,0,0,0,0
1475000,45.69739,-111.0969,4.0,3.0,3294.0,9931.0,,3.0,2021.0,1,0,0,0,0,0,0,1,0,0,0,0,0,1,0,0
730000,45.68622,-111.07389,3.0,3.0,1727.0,7492.0,,2.0,1985.0,1,0,0,0,0,0,0,1,0,0,0,0,0,1,0,0
449000,45.67564,-111.061226,2.0,2.0,1149.0,,,1.0,1985.0,1,0,0,0,1,0,0,0,0,1,0,0,0,0,0,0
2300000,45.714294,-111.02954,6.0,5.0,5692.0,25700.0,,3.0,2021.0,1,0,0,0,0,0,0,1,0,0,0,0,0,1,0,0
1050000,45.665936,-111.140564,4.0,3.0,2872.0,7901.0,,3.0,2025.0,0,0,0,1,1,0,0,0,0,0,0,0,0,1,0,0
575000,45.70468,-111.091385,3.0,3.0,1342.0,2700.0,,2.0,2015.0,1,0,0,0,0,0,0,1,0,0,0,0,0,1,0,0
899000,45.86684,-110.84244,1.0,2.0,1280.0,871504.0,,3.0,2021.0,1,0,0,0,0,0,0,1,0,0,0,0,0,1,0,0
545000,45.680862,-111.09669,3.0,3.0,1528.0,3497.0,,1.0,2022.0,1,0,0,0,0,0,0,1,0,0,0,0,0,0,1,0
295000,45.676525,-111.05824,2.0,1.0,1120.0,,,1.0,1978.0,1,0,0,0,1,0,0,0,0,1,0,0,0,0,0,0
435000,45.646603,-110.84527,,,,856694.0,,,,1,0,0,0,0,0,0,0,1,0,1,0,0,0,0,0
3200000,45.578854,-111.09625,3.0,4.0,3192.0,43995.0,,3.0,2021.0,1,0,0,0,0,0,0,1,0,0,0,0,0,1,0,0
4750000,45.624718,-110.97349,6.0,6.0,4838.0,871200.0,,4.0,1993.0,1,0,0,0,1,0,0,0,0,0,0,0,0,1,0,0
519000,45.66571,-111.03793,2.0,2.0,1200.0,,,0.0,1985.0,1,0,0,0,1,0,0,0,0,1,0,0,0,0,0,0
2275000,45.683193,-111.16152,5.0,4.0,4200.0,22651.0,,3.0,2022.0,1,0,0,0,0,0,0,1,0,0,0,0,0,1,0,0
699000,45.698895,-111.08327,3.0,3.0,1834.0,8280.0,,1.0,2017.0,1,0,0,0,0,0,0,1,0,0,0,0,0,1,0,0
775000,45.698895,-111.08327,3.0,2.0,1834.0,8280.0,,2.0,2003.0,1,0,0,0,0,0,0,1,0,0,0,0,0,1,0,0
686500,45.67808,-111.11806,4.0,3.0,1785.0,5902.0,,2.0,2024.0,1,0,0,0,0,0,0,1,0,0,0,0,0,1,0,0
1300000,45.70378,-111.00364,3.0,2.0,2737.0,13446.0,,2.0,1905.0,1,0,0,0,0,0,1,0,0,0,0,0,0,1,0,0
644900,45.711216,-111.189285,3.0,3.0,1880.0,5000.0,,2.0,2025.0,0,0,0,1,0,0,0,1,0,0,0,0,0,1,0,0
639000,45.6841,-111.079384,4.0,3.0,1895.0,4356.0,,1.0,2025.0,0,0,0,1,0,0,0,1,0,0,0,0,0,0,1,0
665000,45.69269,-111.077614,3.0,2.0,1372.0,7657.0,,2.0,1993.0,1,0,0,0,1,0,0,0,0,0,0,0,0,1,0,0
735000,45.698895,-111.08327,3.0,3.0,1834.0,8280.0,,2.0,2000.0,1,0,0,0,0,0,0,1,0,0,0,0,0,1,0,0
665000,45.676395,-111.078064,3.0,2.0,1427.0,10815.0,,2.0,2003.0,1,0,0,0,1,0,0,0,0,0,0,0,0,1,0,0
699999,45.663937,-111.137764,3.0,2.0,1803.0,7723.0,,2.0,2008.0,1,0,0,0,1,0,0,0,0,0,0,0,0,1,0,0
870000,45.661263,-111.0408,5.0,4.0,2095.0,13503.0,,2.0,1920.0,1,0,0,0,0,0,0,1,0,0,0,0,0,1,0,0
1899000,45.657738,-111.11307,3.0,2.0,1926.0,435600.0,,1.0,1900.0,1,0,0,0,0,0,0,1,0,0,0,0,0,1,0,0
1195000,45.731514,-111.062965,4.0,3.0,2627.0,15245.0,,2.0,2004.0,1,0,0,0,0,0,0,1,0,0,0,0,0,1,0,0
655000,45.70468,-111.091385,3.0,2.0,1342.0,2700.0,,2.0,2013.0,1,0,0,0,1,0,0,0,0,0,0,0,0,1,0,0
495000,45.675625,-111.083694,3.0,3.0,1424.0,3319.0,,1.0,2000.0,1,0,0,0,0,0,0,1,0,0,0,0,0,0,1,0
499000,45.707146,-111.08176,3.0,3.0,1423.0,,,2.0,2009.0,1,0,0,0,0,0,0,1,0,1,0,0,0,0,0,0
1100000,45.66469,-111.140564,4.0,3.0,2692.0,9147.0,,3.0,2025.0,0,0,0,1,0,0,0,1,0,0,0,0,0,1,0,0
1775000,45.657738,-111.11307,2.0,3.0,1926.0,435600.0,,2.0,2002.0,1,0,0,0,0,0,0,1,0,0,0,0,0,1,0,0
625000,45.67884,-111.09085,3.0,2.0,1659.0,,,2.0,2006.0,1,0,0,0,1,0,0,0,0,1,0,0,0,0,0,0
1750000,45.631645,-111.02221,5.0,5.0,3084.0,89907.0,,,1935.0,1,0,0,0,0,0,0,1,0,0,0,0,0,1,0,0
3495000,45.626255,-110.84941,4.0,5.0,6989.0,875556.0,,7.0,2020.0,1,0,0,0,0,0,0,1,0,0,0,0,0,1,0,0
1649000,45.683727,-111.038925,3.0,3.0,2446.0,3249.0,,1.0,2024.0,1,0,0,0,0,0,0,1,0,0,0,0,0,0,1,0
1800000,45.646423,-110.80919,7.0,5.0,3538.0,881131.0,,,2016.0,1,0,0,0,0,0,0,0,1,0,0,0,0,1,0,0
430000,45.696022,-111.069595,1.0,1.0,1080.0,,,0.0,2020.0,1,0,0,0,1,0,0,0,0,1,0,0,0,0,0,0
744000,45.663937,-111.137764,3.0,2.0,1803.0,7723.0,,2.0,2016.0,1,0,0,0,1,0,0,0,0,0,0,0,0,1,0,0
2600000,45.666107,-110.843056,3.0,3.0,3812.0,1743271.0,,4.0,1992.0,1,0,0,0,1,0,0,0,0,0,0,0,0,1,0,0
450000,45.68675,-111.10465,3.0,3.0,1480.0,,,1.0,2007.0,1,0,0,0,0,0,0,1,0,1,0,0,0,0,0,0
470000,45.6468,-111.06359,2.0,3.0,1186.0,,,1.0,2019.0,1,0,0,0,0,0,0,1,0,1,0,0,0,0,0,0
520000,45.66571,-111.03793,2.0,2.0,1200.0,,,0.0,1995.0,1,0,0,0,0,0,0,1,0,1,0,0,0,0,0,0
975000,45.681232,-111.027,2.0,2.0,1649.0,8398.0,,0.0,1900.0,1,0,0,0,0,0,0,1,0,0,0,0,0,1,0,0
160000,45.66705,-111.1212,3.0,2.0,1248.0,,,,1994.0,1,0,0,0,0,0,0,0,1,0,0,1,0,0,0,0
938000,45.721447,-111.19392,3.0,2.0,2574.0,43255.0,,4.0,2017.0,1,0,0,0,0,0,0,1,0,0,0,0,0,1,0,0
1480000,45.680603,-111.03775,2.0,2.0,1425.0,,,1.0,2025.0,1,0,0,0,1,0,0,0,0,1,0,0,0,0,0,0
1750000,45.631645,-111.02221,3.0,3.0,3084.0,89907.0,,3.0,1934.0,1,0,0,0,0,0,0,1,0,0,0,0,0,1,0,0
1998000,45.68988,-111.094925,5.0,5.0,2657.0,8803.0,,2.0,2025.0,0,0,0,1,0,0,0,1,0,0,0,0,0,1,0,0
185000,45.712276,-111.18925,,,,10545.0,,,,1,0,0,0,0,0,0,0,1,0,1,0,0,0,0,0
1295000,45.69745,-111.08791,4.0,3.0,2851.0,14592.0,,3.0,2026.0,1,0,0,0,0,0,0,1,0,0,0,0,0,1,0,0
525000,45.67884,-111.09085,3.0,3.0,1659.0,,,2.0,2003.0,1,0,0,0,0,0,0,1,0,1,0,0,0,0,0,0
475000,45.66571,-111.03793,2.0,2.0,1200.0,,,1.0,2020.0,1,0,0,0,1,0,0,0,0,1,0,0,0,0,0,0
89995,45.666206,-111.124245,2.0,1.0,924.0,,,0.0,1977.0,1,0,0,0,0,0,0,0,1,0,0,1,0,0,0,0
1670000,45.682716,-111.03768,2.0,2.0,1886.0,,,1.0,2025.0,0,0,0,1,1,0,0,0,0,1,0,0,0,0,0,0
3214728,45.6934,-111.10406,,,,44866.0,,,,1,0,0,0,0,0,0,0,1,0,1,0,0,0,0,0
1350000,45.67702,-111.06102,7.0,4.0,,12022.0,,,1976.0,1,0,0,0,1,0,0,0,0,0,0,0,1,0,0,0
1890000,45.568344,-111.12086,3.0,3.0,1912.0,175546.0,,4.0,1900.0,1,0,0,0,0,0,0,1,0,0,0,0,0,1,0,0
2390000,45.67602,-111.06311,12.0,12.0,,10585.0,,,2018.0,1,0,0,0,0,0,0,1,0,0,0,0,1,0,0,0
6995000,45.674038,-110.892,,,,6916892.0,,,,1,0,0,0,0,0,0,0,1,0,1,0,0,0,0,0
635000,45.67808,-111.11806,3.0,2.0,1785.0,5902.0,,2.0,2025.0,1,0,0,0,1,0,0,0,0,0,0,0,0,1,0,0
1299000,45.664448,-111.16746,,,1064.0,77101.0,,,,1,0,0,0,0,0,0,0,1,0,1,0,0,0,0,0
795000,45.698895,-111.08327,3.0,2.0,1834.0,8280.0,,2.0,2012.0,1,0,0,0,1,0,0,0,0,0,0,0,0,1,0,0
1200000,45.683716,-111.058624,8.0,4.0,,15812.0,,,1980.0,1,0,0,0,0,0,0,1,0,0,0,0,1,0,0,0
569500,45.64228,-111.0634,2.0,3.0,1576.0,,,1.0,2018.0,1,0,0,0,0,0,1,0,0,1,0,0,0,0,0,0
1498000,45.68988,-111.094925,4.0,4.0,2657.0,8803.0,,2.0,2025.0,0,0,0,1,0,0,0,1,0,0,0,0,0,1,0,0
1029000,45.644936,-111.05819,4.0,3.0,2327.0,4443.0,,2.0,2024.0,0,0,0,1,0,0,0,1,0,0,0,0,0,1,0,0
519900,45.707146,-111.08176,3.0,3.0,1423.0,,,1.0,2004.0,1,0,0,0,0,0,0,1,0,1,0,0,0,0,0,0
675000,45.697052,-111.08056,3.0,3.0,1966.0,,,2.0,2024.0,0,0,0,1,0,0,0,1,0,1,0,0,0,0,0,0
2775000,45.732925,-111.17847,,,,172149.0,,,,1,0,0,0,0,0,0,0,1,0,1,0,0,0,0,0
495000,45.681377,-111.200134,3.0,3.0,1556.0,,,2.0,2014.0,1,0,0,0,0,0,0,1,0,1,0,0,0,0,0,0
1600000,45.671646,-111.10047,,,,43124.0,,,,1,0,0,0,0,0,0,0,1,0,1,0,0,0,0,0
595000,45.66546,-111.00077,,,,43560.0,,,,1,0,0,0,0,0,0,0,1,0,1,0,0,0,0,0
1965000,45.658978,-111.066864,,,,52707.0,,,,1,0,0,0,0,0,0,0,1,0,1,0,0,0,0,0
535000,45.683647,-111.18722,3.0,3.0,1559.0,,,2.0,2010.0,1,0,0,0,0,0,0,1,0,1,0,0,0,0,0,0
639000,45.749264,-111.056404,,,,63162.0,,,,1,0,0,0,0,0,0,0,1,0,1,0,0,0,0,0
835000,45.646572,-111.05555,3.0,3.0,1769.0,4839.0,,1.0,2025.0,1,0,0,0,0,0,0,1,0,0,0,0,0,1,0,0
899000,45.64449,-111.057724,3.0,2.0,2327.0,,,2.0,2025.0,0,0,0,1,1,0,0,0,0,0,0,0,0,1,0,0
1129000,45.64449,-111.057724,4.0,3.0,2327.0,,,2.0,2025.0,0,0,0,1,0,0,0,1,0,0,0,0,0,1,0,0
1550000,45.682716,-111.03768,2.0,3.0,1880.0,,,1.0,2025.0,0,0,0,1,1,0,0,0,0,1,0,0,0,0,0,0
925000,45.768456,-111.08659,,,,48046.0,,,,1,0,0,0,0,0,0,0,1,0,1,0,0,0,0,0
1345000,45.63977,-111.03543,5.0,4.0,3149.0,16531.0,,3.0,2004.0,1,0,0,0,0,0,0,1,0,0,0,0,0,1,0,0
4500000,45.704582,-111.075,3.0,,,358934.0,,,1950.0,1,0,0,0,0,0,0,0,1,0,1,0,0,0,0,0
2149000,45.720203,-111.01912,,,,1224036.0,,,,1,0,0,0,0,0,0,0,1,0,1,0,0,0,0,0
260000,45.645473,-111.05788,,,,5501.0,,,,1,0,0,0,0,0,0,0,1,0,1,0,0,0,0,0
999000,45.713932,-111.07569,3.0,,,24524.0,,,1976.0,1,0,0,0,0,0,0,0,1,0,1,0,0,0,0,0
1740000,45.71628,-111.01083,,,,1224036.0,,,,1,0,0,0,0,0,0,0,1,0,1,0,0,0,0,0
840000,45.667957,-111.19634,5.0,4.0,3330.0,,,3.0,2024.0,0,0,0,1,0,0,1,0,0,1,0,0,0,0,0,0
215000,45.66708,-111.128815,,,,7405.0,,,,1,0,0,0,0,0,0,0,1,0,1,0,0,0,0,0
699000,45.679413,-111.103676,,,,11979.0,,,,1,0,0,0,0,0,0,0,1,0,1,0,0,0,0,0
440000,45.735924,-111.06623,,,,67779.0,,,,1,0,0,0,0,0,0,0,1,0,1,0,0,0,0,0
695000,45.65713,-111.02633,,,,112384.0,,,,1,0,0,0,0,0,0,0,1,0,1,0,0,0,0,0
225000,45.712288,-111.18962,,,,14283.0,,,,1,0,0,0,0,0,0,0,1,0,1,0,0,0,0,0
5450545,45.650253,-110.88675,,0.0,,10018800.0,,,,1,0,0,0,0,0,0,0,1,0,1,0,0,0,0,0
379000,45.741158,-111.13989,,,,47044.0,,,,1,0,0,0,0,0,0,0,1,0,1,0,0,0,0,0
630000,45.69189,-111.10425,3.0,3.0,1988.0,,,2.0,2025.0,0,0,0,1,0,0,0,1,0,1,0,0,0,0,0,0
9750000,45.69948,-111.11226,,,,1331629.0,,,1917.0,1,0,0,0,0,0,0,0,1,0,1,0,0,0,0,0
735000,45.65007,-111.00421,,,,121967.0,,,,1,0,0,0,0,0,0,0,1,0,1,0,0,0,0,0
775000,45.664448,-111.16746,,,1064.0,77101.0,,,,1,0,0,0,0,0,0,0,1,0,1,0,0,0,0,0
4900000,45.570057,-111.14159,,,,1779643.0,,,,1,0,0,0,0,0,0,0,1,0,1,0,0,0,0,0
565000,45.67509,-111.092606,2.0,2.0,1459.0,,,0.0,2023.0,1,0,0,0,1,0,0,0,0,1,0,0,0,0,0,0
899000,45.64514,-111.05842,3.0,2.0,1673.0,4399.0,,2.0,2025.0,0,0,0,1,1,0,0,0,0,0,0,0,0,1,0,0
349000,45.653374,-111.02636,,,,25482.0,,,,1,0,0,0,0,0,0,0,1,0,1,0,0,0,0,0
484900,45.71127,-111.08183,3.0,3.0,1755.0,,,1.0,2018.0,1,0,0,0,0,0,0,1,0,1,0,0,0,0,0,0
489000,45.680996,-111.07829,3.0,3.0,1490.0,,,2.0,2004.0,1,0,0,0,0,0,0,1,0,1,0,0,0,0,0,0
479000,45.663013,-111.15769,,,,132901.0,,,,1,0,0,0,0,0,0,0,1,0,1,0,0,0,0,0
565000,45.768974,-111.086525,,,,44256.0,,,,1,0,0,0,0,0,0,0,1,0,1,0,0,0,0,0
950000,45.646587,-110.84435,,,,1716873.0,,,,1,0,0,0,0,0,0,0,1,0,1,0,0,0,0,0
725000,45.606857,-111.06733,,,,43560.0,,,,1,0,0,0,0,0,0,0,1,0,1,0,0,0,0,0
420000,45.66353,-111.124146,,,1380.0,,,,,1,0,0,0,0,0,0,0,1,1,0,0,0,0,0,0
1750000,45.625328,-110.95869,,,,522720.0,,,,1,0,0,0,0,0,0,0,1,0,1,0,0,0,0,0
799000,45.661263,-111.0408,3.0,2.0,2095.0,13503.0,,2.0,1978.0,1,0,0,0,0,1,0,0,0,0,0,0,0,1,0,0
1249000,45.71688,-111.190544,4.0,3.0,2345.0,22259.0,,2.0,2002.0,1,0,0,0,0,0,0,1,0,0,0,0,0,1,0,0
16450000,45.688602,-110.87215,4.0,4.0,8000.0,6359760.0,,2.0,2017.0,1,0,0,0,0,0,1,0,0,0,0,0,0,1,0,0
469000,45.745426,-111.236626,,,,161607.0,,,,1,0,0,0,0,0,0,0,1,0,1,0,0,0,0,0
14750000,45.862938,-111.02795,2.0,3.0,3381.0,19883833.0,,2.0,2001.0,1,0,0,0,1,0,0,0,0,0,0,0,0,1,0,0
1050000,45.734154,-111.13711,3.0,3.0,2065.0,20124.0,,2.0,2003.0,1,0,0,0,1,0,0,0,0,0,0,0,0,1,0,0
1150000,45.623474,-111.06988,3.0,3.0,3846.0,45084.0,,2.0,1995.0,1,0,0,0,0,0,0,1,0,0,0,0,0,1,0,0
2250000,45.646423,-110.80919,4.0,3.0,3538.0,881131.0,,5.0,2004.0,1,0,0,0,0,0,0,1,0,0,0,0,0,1,0,0
665000,45.867607,-110.8478,,,,1483479.0,,,,1,0,0,0,0,0,0,0,1,0,1,0,0,0,0,0
4500000,45.570057,-111.14159,,,,1764180.0,,,,1,0,0,0,0,0,0,0,1,0,1,0,0,0,0,0
445000,45.67564,-111.061226,2.0,2.0,1149.0,,,1.0,1976.0,1,0,0,0,0,0,0,1,0,1,0,0,0,0,0,0
5750000,45.60688,-110.98604,5.0,6.0,4816.0,871200.0,,9.0,1999.0,1,0,0,0,0,0,0,1,0,0,0,0,0,1,0,0
650000,45.676147,-111.11794,3.0,3.0,1542.0,5706.0,,2.0,2020.0,1,0,0,0,0,0,0,1,0,0,0,0,0,1,0,0
4475000,45.630978,-111.12275,5.0,6.0,3450.0,957013.0,,,1972.0,1,0,0,0,1,0,0,0,0,0,0,0,0,1,0,0
1950000,45.646423,-110.80919,3.0,3.0,3538.0,881131.0,,2.0,1994.0,1,0,0,0,0,0,0,1,0,0,0,0,0,1,0,0
2399000,45.67953,-111.04174,2.0,2.0,1618.0,,,1.0,2017.0,1,0,0,0,0,0,0,1,0,1,0,0,0,0,0,0
244000,45.743668,-111.18064,3.0,2.0,1493.0,,,1.0,2025.0,0,0,0,1,0,0,0,0,1,0,0,1,0,0,0,0
665000,45.68134,-111.19359,3.0,2.0,1772.0,7535.0,,2.0,2009.0,1,0,0,0,1,0,0,0,0,0,0,0,0,1,0,0
999900,45.649483,-111.07799,3.0,3.0,2048.0,6163.0,,2.0,2024.0,1,0,0,0,0,0,0,1,0,0,0,0,0,1,0,0
899900,45.686398,-111.087265,3.0,3.0,3328.0,10497.0,,3.0,1999.0,1,0,0,0,0,0,0,1,0,0,0,0,0,1,0,0
699000,45.68287,-111.021736,1.0,2.0,1138.0,,,1.0,2024.0,1,0,0,0,0,0,0,1,0,1,0,0,0,0,0,0
4995000,45.674683,-110.87178,1.0,,,6276560.0,,,2003.0,1,0,0,0,0,0,0,0,1,0,1,0,0,0,0,0
650000,45.68549,-111.06713,4.0,2.0,1972.0,11177.0,,,1973.0,1,0,0,0,1,0,0,0,0,0,0,0,0,1,0,0
1090000,45.7297,-111.0845,,,,88862.0,,,,1,0,0,0,0,0,0,0,1,0,1,0,0,0,0,0
2064090,45.76385,-111.1747,,,,124581.0,,,,1,0,0,0,0,0,0,0,1,0,1,0,0,0,0,0
514900,45.663677,-111.060425,2.0,2.0,959.0,,,1.0,2020.0,1,0,0,0,1,0,0,0,0,1,0,0,0,0,0,0
1499000,45.62141,-111.07251,3.0,3.0,3573.0,73790.0,,2.0,2005.0,1,0,0,0,0,0,0,1,0,0,0,0,0,1,0,0
875000,45.672203,-111.05619,4.0,3.0,2346.0,7871.0,,2.0,2025.0,1,0,0,0,0,0,0,1,0,0,0,0,0,1,0,0
659000,45.69269,-111.077614,3.0,2.0,1372.0,7657.0,,2.0,2013.0,1,0,0,0,1,0,0,0,0,0,0,0,0,1,0,0
997000,45.66277,-111.1247,6.0,3.0,,9583.0,,,1984.0,1,0,0,0,0,0,0,0,1,0,0,0,1,0,0,0
399000,45.69332,-111.09454,,,,10454.0,,,,1,0,0,0,0,0,0,0,1,0,1,0,0,0,0,0
850000,45.69952,-111.1499,,,,35457.0,,,,1,0,0,0,0,0,0,0,1,0,1,0,0,0,0,0
997000,45.66298,-111.1247,6.0,3.0,,9583.0,,,1984.0,1,0,0,0,0,0,0,0,1,0,0,0,1,0,0,0
1100000,45.73212,-111.08474,,,,112820.0,,,,1,0,0,0,0,0,0,0,1,0,1,0,0,0,0,0
625000,45.682785,-111.02246,2.0,1.0,1184.0,,,0.0,2020.0,1,0,0,0,1,0,0,0,0,1,0,0,0,0,0,0
489000,45.748585,-111.05463,,,,55756.0,,,,1,0,0,0,0,0,0,0,1,0,1,0,0,0,0,0
255000,45.645645,-111.06446,,,,7492.0,,,,1,0,0,0,0,0,0,0,1,0,1,0,0,0,0,0
895000,45.676525,-111.04698,2.0,1.0,1196.0,12371.0,,1.0,1960.0,1,0,0,0,1,0,0,0,0,0,0,0,0,1,0,0
850000,45.679413,-111.103676,,,,11979.0,,,,1,0,0,0,0,0,0,0,1,0,1,0,0,0,0,0
235900,45.743668,-111.18064,3.0,2.0,1062.0,,,1.0,2025.0,0,0,0,1,0,0,0,0,1,0,0,1,0,0,0,0
699000,45.64665,-110.8431,,,,860179.0,,,,1,0,0,0,0,0,0,0,1,0,1,0,0,0,0,0
7950000,45.570057,-111.14159,,,,3484800.0,,,,1,0,0,0,0,0,0,0,1,0,1,0,0,0,0,0
550000,45.749264,-111.056404,,,,63162.0,,,,1,0,0,0,0,0,0,0,1,0,1,0,0,0,0,0
699000,45.70685,-111.04277,1.0,2.0,879.0,,,1.0,2024.0,0,0,0,1,0,0,0,1,0,1,0,0,0,0,0,0
2100000,45.678207,-111.00513,6.0,4.0,3344.0,553647.0,,,2020.0,1,0,0,0,0,0,0,1,0,0,0,0,0,1,0,0
3250000,45.59567,-111.07118,5.0,4.0,4257.0,217800.0,,3.0,2021.0,1,0,0,0,1,0,0,0,0,0,0,0,0,1,0,0
2995000,45.74732,-111.06266,4.0,4.0,5174.0,74923.0,,4.0,2016.0,0,0,0,1,0,0,0,1,0,0,0,0,0,1,0,0
1260000,45.672497,-111.21083,3.0,3.0,2368.0,32190.0,,2.0,1981.0,1,0,0,0,1,0,0,0,0,0,0,0,0,1,0,0
2000000,45.62141,-111.07251,4.0,3.0,3573.0,73790.0,,3.0,2018.0,1,0,0,0,1,0,0,0,0,0,0,0,0,1,0,0
739900,45.67352,-111.05619,4.0,3.0,2076.0,7379.0,,2.0,1947.0,1,0,0,0,1,0,0,0,0,0,0,0,0,1,0,0
1100000,45.681164,-111.03402,2.0,2.0,1554.0,,,1.0,2002.0,1,0,0,0,1,0,0,0,0,1,0,0,0,0,0,0
675000,45.697067,-111.08132,3.0,3.0,1966.0,,,2.0,2024.0,0,0,0,1,0,0,0,1,0,1,0,0,0,0,0,0
649000,45.735924,-111.06623,,,,67779.0,,,,1,0,0,0,0,0,0,0,1,0,1,0,0,0,0,0
475000,45.67884,-111.09085,3.0,3.0,1659.0,,,1.0,2003.0,1,0,0,0,0,0,0,1,0,1,0,0,0,0,0,0
949000,45.66413,-111.132256,4.0,3.0,2440.0,11064.0,,2.0,2016.0,1,0,0,0,0,0,0,1,0,0,0,0,0,1,0,0
109995,45.720905,-111.09458,2.0,2.0,1540.0,,,1.0,1969.0,1,0,0,0,0,0,0,0,1,0,0,1,0,0,0,0
1675000,45.716717,-111.195015,5.0,4.0,3274.0,98271.0,,3.0,2022.0,1,0,0,0,0,0,0,1,0,0,0,0,0,1,0,0
529000,45.653374,-111.02636,,,,25482.0,,,,1,0,0,0,0,0,0,0,1,0,1,0,0,0,0,0
599000,45.69264,-111.112076,3.0,3.0,1820.0,,,2.0,2019.0,1,0,0,0,0,0,0,1,0,1,0,0,0,0,0,0
6290800,45.674625,-110.880905,,0.0,,6765303.0,,,,1,0,0,0,0,0,0,0,1,0,1,0,0,0,0,0
